archivo,url,fecha_consulta,sha256,bytes
ged261-csv.zip,https://ucdp.uu.se/downloads/ged/ged261-csv.zip,2026-10-06,8c941d84954e555ee2e54f40fa04d9203bf1e2f962203d0a9930966c4947c667,39122522
GEDEvent_v26_01_26_06.csv,https://ucdp.uu.se/downloads/candidateged/GEDEvent_v26_01_26_06.csv,2026-10-06,68dd3d363b8edf4808bd6bf6f5d0412c3c722ffb1db367aeb8eff48bab80589a,7800501
GEDEvent_v26_0_7.csv,https://ucdp.uu.se/downloads/candidateged/GEDEvent_v26_0_7.csv,2026-10-06,9fc2c6dd85eee91845512e8ef1055281d9fd028fb98748a6f2a27c6e8aa8c562,1357690
GEDEvent_v26_0_8.csv,https://ucdp.uu.se/downloads/candidateged/GEDEvent_v26_0_8.csv,2026-10-06,2ad6e0b2bfdbaa31873716a3455096923a8539519d69d96aeeea2d0f44a34593,1443396
(caché fuera del repo) mgn2025_mpio_d05.geojson,https://geoportal.dane.gov.co/mparcgis/rest/services/Divipola/Serv_DIVIPOLA_MGN_2025/FeatureServer/317/query?where=dpto_ccdgo%3D%2705%27&outFields=MPIO_CDPMP%2CMPIO_CNMBRE%2CDPTO_CNMBRE&returnGeometry=true&outSR=4326&maxAllowableOffset=0.0001&geometryPrecision=5&f=geojson,2026-10-06,7e1c1aa9d2769ed761b0232c8397dd433c8c29419e52075350b1bc3a8c33ce89,2165321
(caché fuera del repo) mgn2025_mpio_d08.geojson,https://geoportal.dane.gov.co/mparcgis/rest/services/Divipola/Serv_DIVIPOLA_MGN_2025/FeatureServer/317/query?where=dpto_ccdgo%3D%2708%27&outFields=MPIO_CDPMP%2CMPIO_CNMBRE%2CDPTO_CNMBRE&returnGeometry=true&outSR=4326&maxAllowableOffset=0.0001&geometryPrecision=5&f=geojson,2026-10-06,ff7869fb583cf40d43ab01b4fa76c76a51d68c1e7a26323b22cd226b67198436,170050
(caché fuera del repo) mgn2025_mpio_d11.geojson,https://geoportal.dane.gov.co/mparcgis/rest/services/Divipola/Serv_DIVIPOLA_MGN_2025/FeatureServer/317/query?where=dpto_ccdgo%3D%2711%27&outFields=MPIO_CDPMP%2CMPIO_CNMBRE%2CDPTO_CNMBRE&returnGeometry=true&outSR=4326&maxAllowableOffset=0.0001&geometryPrecision=5&f=geojson,2026-10-06,ae785eadc0f862645fe51c417537792dd590f6c8a7dbd5c37066acf7a5bff3ef,52920
(caché fuera del repo) mgn2025_mpio_d13.geojson,https://geoportal.dane.gov.co/mparcgis/rest/services/Divipola/Serv_DIVIPOLA_MGN_2025/FeatureServer/317/query?where=dpto_ccdgo%3D%2713%27&outFields=MPIO_CDPMP%2CMPIO_CNMBRE%2CDPTO_CNMBRE&returnGeometry=true&outSR=4326&maxAllowableOffset=0.0001&geometryPrecision=5&f=geojson,2026-10-06,ba38761db340d5f7ee92ab7050ae83e900080af7439d000541d4386ffac0fe78,971618
(caché fuera del repo) mgn2025_mpio_d15.geojson,https://geoportal.dane.gov.co/mparcgis/rest/services/Divipola/Serv_DIVIPOLA_MGN_2025/FeatureServer/317/query?where=dpto_ccdgo%3D%2715%27&outFields=MPIO_CDPMP%2CMPIO_CNMBRE%2CDPTO_CNMBRE&returnGeometry=true&outSR=4326&maxAllowableOffset=0.0001&geometryPrecision=5&f=geojson,2026-10-06,5608982448b26648b26995285df513a9faae42a2cca1a2241ba3f819eeb5c7ee,1088298
(caché fuera del repo) mgn2025_mpio_d17.geojson,https://geoportal.dane.gov.co/mparcgis/rest/services/Divipola/Serv_DIVIPOLA_MGN_2025/FeatureServer/317/query?where=dpto_ccdgo%3D%2717%27&outFields=MPIO_CDPMP%2CMPIO_CNMBRE%2CDPTO_CNMBRE&returnGeometry=true&outSR=4326&maxAllowableOffset=0.0001&geometryPrecision=5&f=geojson,2026-10-06,da89b97d507ca60bc1cb3d27e88f9c76479f2145ac435cd93f08d19ec568f64d,385797
(caché fuera del repo) mgn2025_mpio_d18.geojson,https://geoportal.dane.gov.co/mparcgis/rest/services/Divipola/Serv_DIVIPOLA_MGN_2025/FeatureServer/317/query?where=dpto_ccdgo%3D%2718%27&outFields=MPIO_CDPMP%2CMPIO_CNMBRE%2CDPTO_CNMBRE&returnGeometry=true&outSR=4326&maxAllowableOffset=0.0001&geometryPrecision=5&f=geojson,2026-10-06,a9825d001d33fc3e59e076dc47ed3c5dddd584eb3113086c910ab486be5c184b,882727
(caché fuera del repo) mgn2025_mpio_d19.geojson,https://geoportal.dane.gov.co/mparcgis/rest/services/Divipola/Serv_DIVIPOLA_MGN_2025/FeatureServer/317/query?where=dpto_ccdgo%3D%2719%27&outFields=MPIO_CDPMP%2CMPIO_CNMBRE%2CDPTO_CNMBRE&returnGeometry=true&outSR=4326&maxAllowableOffset=0.0001&geometryPrecision=5&f=geojson,2026-10-06,2a4910686b8346407b4d537884003b58ea0d5d08f88a8019b0dd7b5f1f15af5c,840786
(caché fuera del repo) mgn2025_mpio_d20.geojson,https://geoportal.dane.gov.co/mparcgis/rest/services/Divipola/Serv_DIVIPOLA_MGN_2025/FeatureServer/317/query?where=dpto_ccdgo%3D%2720%27&outFields=MPIO_CDPMP%2CMPIO_CNMBRE%2CDPTO_CNMBRE&returnGeometry=true&outSR=4326&maxAllowableOffset=0.0001&geometryPrecision=5&f=geojson,2026-10-06,a333bf28657b793fb8cff1b0b624c4d84b4e5ed7c3a2f79ac3a8f91370d7996d,765601
(caché fuera del repo) mgn2025_mpio_d23.geojson,https://geoportal.dane.gov.co/mparcgis/rest/services/Divipola/Serv_DIVIPOLA_MGN_2025/FeatureServer/317/query?where=dpto_ccdgo%3D%2723%27&outFields=MPIO_CDPMP%2CMPIO_CNMBRE%2CDPTO_CNMBRE&returnGeometry=true&outSR=4326&maxAllowableOffset=0.0001&geometryPrecision=5&f=geojson,2026-10-06,54c31e2dc3078f1475cff34f48294cdaff4b0161c285a7073855883913a1f570,613522
(caché fuera del repo) mgn2025_mpio_d25.geojson,https://geoportal.dane.gov.co/mparcgis/rest/services/Divipola/Serv_DIVIPOLA_MGN_2025/FeatureServer/317/query?where=dpto_ccdgo%3D%2725%27&outFields=MPIO_CDPMP%2CMPIO_CNMBRE%2CDPTO_CNMBRE&returnGeometry=true&outSR=4326&maxAllowableOffset=0.0001&geometryPrecision=5&f=geojson,2026-10-06,a2ab7b4dd319031d807856c50148741b8655628d3cbdfc72a21f8bd6b3ebfa7a,1204477
(caché fuera del repo) mgn2025_mpio_d27.geojson,https://geoportal.dane.gov.co/mparcgis/rest/services/Divipola/Serv_DIVIPOLA_MGN_2025/FeatureServer/317/query?where=dpto_ccdgo%3D%2727%27&outFields=MPIO_CDPMP%2CMPIO_CNMBRE%2CDPTO_CNMBRE&returnGeometry=true&outSR=4326&maxAllowableOffset=0.0001&geometryPrecision=5&f=geojson,2026-10-06,fcbc0c4c1685464cde59d6d6e680740dad3940d61ab508c6757edd558ef10a44,1175386
(caché fuera del repo) mgn2025_mpio_d41.geojson,https://geoportal.dane.gov.co/mparcgis/rest/services/Divipola/Serv_DIVIPOLA_MGN_2025/FeatureServer/317/query?where=dpto_ccdgo%3D%2741%27&outFields=MPIO_CDPMP%2CMPIO_CNMBRE%2CDPTO_CNMBRE&returnGeometry=true&outSR=4326&maxAllowableOffset=0.0001&geometryPrecision=5&f=geojson,2026-10-06,5cfd0ee2b1b274aa5c3134d25517fb8eba8a6c6a418cd05b28bc6de464e2fed3,609346
(caché fuera del repo) mgn2025_mpio_d44.geojson,https://geoportal.dane.gov.co/mparcgis/rest/services/Divipola/Serv_DIVIPOLA_MGN_2025/FeatureServer/317/query?where=dpto_ccdgo%3D%2744%27&outFields=MPIO_CDPMP%2CMPIO_CNMBRE%2CDPTO_CNMBRE&returnGeometry=true&outSR=4326&maxAllowableOffset=0.0001&geometryPrecision=5&f=geojson,2026-10-06,c11379903c700a0f9c1bc367401ac0ff5624ee67f99e3f341fcaf8e06bdd3728,393995
(caché fuera del repo) mgn2025_mpio_d47.geojson,https://geoportal.dane.gov.co/mparcgis/rest/services/Divipola/Serv_DIVIPOLA_MGN_2025/FeatureServer/317/query?where=dpto_ccdgo%3D%2747%27&outFields=MPIO_CDPMP%2CMPIO_CNMBRE%2CDPTO_CNMBRE&returnGeometry=true&outSR=4326&maxAllowableOffset=0.0001&geometryPrecision=5&f=geojson,2026-10-06,9f26832e56d12a1c6fa0a2d44d5a2bdf892f138f42d2e6727ef5dd4e6f439f17,738423
(caché fuera del repo) mgn2025_mpio_d50.geojson,https://geoportal.dane.gov.co/mparcgis/rest/services/Divipola/Serv_DIVIPOLA_MGN_2025/FeatureServer/317/query?where=dpto_ccdgo%3D%2750%27&outFields=MPIO_CDPMP%2CMPIO_CNMBRE%2CDPTO_CNMBRE&returnGeometry=true&outSR=4326&maxAllowableOffset=0.0001&geometryPrecision=5&f=geojson,2026-10-06,b8acfc4378f85359810ebc28086bec5f1a6c416e0b7fe5af418a15c355d618b7,1215962
(caché fuera del repo) mgn2025_mpio_d52.geojson,https://geoportal.dane.gov.co/mparcgis/rest/services/Divipola/Serv_DIVIPOLA_MGN_2025/FeatureServer/317/query?where=dpto_ccdgo%3D%2752%27&outFields=MPIO_CDPMP%2CMPIO_CNMBRE%2CDPTO_CNMBRE&returnGeometry=true&outSR=4326&maxAllowableOffset=0.0001&geometryPrecision=5&f=geojson,2026-10-06,f28d1f6a0d8a254401e5805b79f0604b8b29c8696a7c104dcea884648d7310b1,959262
(caché fuera del repo) mgn2025_mpio_d54.geojson,https://geoportal.dane.gov.co/mparcgis/rest/services/Divipola/Serv_DIVIPOLA_MGN_2025/FeatureServer/317/query?where=dpto_ccdgo%3D%2754%27&outFields=MPIO_CDPMP%2CMPIO_CNMBRE%2CDPTO_CNMBRE&returnGeometry=true&outSR=4326&maxAllowableOffset=0.0001&geometryPrecision=5&f=geojson,2026-10-06,db104c0ff84c26d63b5942c584f90364dda8ec9bddfc2f92b5f3ca93c693830b,768727
(caché fuera del repo) mgn2025_mpio_d63.geojson,https://geoportal.dane.gov.co/mparcgis/rest/services/Divipola/Serv_DIVIPOLA_MGN_2025/FeatureServer/317/query?where=dpto_ccdgo%3D%2763%27&outFields=MPIO_CDPMP%2CMPIO_CNMBRE%2CDPTO_CNMBRE&returnGeometry=true&outSR=4326&maxAllowableOffset=0.0001&geometryPrecision=5&f=geojson,2026-10-06,e6c93c74133b27ff575ed19054444e59274cac6f7f4abb3b03552d366fba8eeb,163299
(caché fuera del repo) mgn2025_mpio_d66.geojson,https://geoportal.dane.gov.co/mparcgis/rest/services/Divipola/Serv_DIVIPOLA_MGN_2025/FeatureServer/317/query?where=dpto_ccdgo%3D%2766%27&outFields=MPIO_CDPMP%2CMPIO_CNMBRE%2CDPTO_CNMBRE&returnGeometry=true&outSR=4326&maxAllowableOffset=0.0001&geometryPrecision=5&f=geojson,2026-10-06,3b0d30ae0a3209fa5c985fef348d82ae983d5d11b1afd60011427a8505caedf9,162002
(caché fuera del repo) mgn2025_mpio_d68.geojson,https://geoportal.dane.gov.co/mparcgis/rest/services/Divipola/Serv_DIVIPOLA_MGN_2025/FeatureServer/317/query?where=dpto_ccdgo%3D%2768%27&outFields=MPIO_CDPMP%2CMPIO_CNMBRE%2CDPTO_CNMBRE&returnGeometry=true&outSR=4326&maxAllowableOffset=0.0001&geometryPrecision=5&f=geojson,2026-10-06,c5c603ca34c9fa529af1aeb11d6bd2c02eee76941692f722212523cd4e59c50e,1260030
(caché fuera del repo) mgn2025_mpio_d70.geojson,https://geoportal.dane.gov.co/mparcgis/rest/services/Divipola/Serv_DIVIPOLA_MGN_2025/FeatureServer/317/query?where=dpto_ccdgo%3D%2770%27&outFields=MPIO_CDPMP%2CMPIO_CNMBRE%2CDPTO_CNMBRE&returnGeometry=true&outSR=4326&maxAllowableOffset=0.0001&geometryPrecision=5&f=geojson,2026-10-06,f97aab78339c9e199529bc54404495b856df275aa2130e08ed080f87cd0415fd,355435
(caché fuera del repo) mgn2025_mpio_d73.geojson,https://geoportal.dane.gov.co/mparcgis/rest/services/Divipola/Serv_DIVIPOLA_MGN_2025/FeatureServer/317/query?where=dpto_ccdgo%3D%2773%27&outFields=MPIO_CDPMP%2CMPIO_CNMBRE%2CDPTO_CNMBRE&returnGeometry=true&outSR=4326&maxAllowableOffset=0.0001&geometryPrecision=5&f=geojson,2026-10-06,a254b335e9627ef7c9cb9dc4043a343651dc39ec14fdf72fc869adbacf9d0e79,829464
(caché fuera del repo) mgn2025_mpio_d76.geojson,https://geoportal.dane.gov.co/mparcgis/rest/services/Divipola/Serv_DIVIPOLA_MGN_2025/FeatureServer/317/query?where=dpto_ccdgo%3D%2776%27&outFields=MPIO_CDPMP%2CMPIO_CNMBRE%2CDPTO_CNMBRE&returnGeometry=true&outSR=4326&maxAllowableOffset=0.0001&geometryPrecision=5&f=geojson,2026-10-06,d49611f01a0c747e081f81e7fb3f3a94f5ec7f0bbc5577856ae3372e5a4ee19f,740374
(caché fuera del repo) mgn2025_mpio_d81.geojson,https://geoportal.dane.gov.co/mparcgis/rest/services/Divipola/Serv_DIVIPOLA_MGN_2025/FeatureServer/317/query?where=dpto_ccdgo%3D%2781%27&outFields=MPIO_CDPMP%2CMPIO_CNMBRE%2CDPTO_CNMBRE&returnGeometry=true&outSR=4326&maxAllowableOffset=0.0001&geometryPrecision=5&f=geojson,2026-10-06,a28b06674102510db8f0ccfb7c7e237e032e93692ee2cf741c9afe7ea4bbcf47,220950
(caché fuera del repo) mgn2025_mpio_d85.geojson,https://geoportal.dane.gov.co/mparcgis/rest/services/Divipola/Serv_DIVIPOLA_MGN_2025/FeatureServer/317/query?where=dpto_ccdgo%3D%2785%27&outFields=MPIO_CDPMP%2CMPIO_CNMBRE%2CDPTO_CNMBRE&returnGeometry=true&outSR=4326&maxAllowableOffset=0.0001&geometryPrecision=5&f=geojson,2026-10-06,92a04605a49c32f75e00cfea027058fc7bb1e8fd137ebaa9a296f720dcf42d52,814779
(caché fuera del repo) mgn2025_mpio_d86.geojson,https://geoportal.dane.gov.co/mparcgis/rest/services/Divipola/Serv_DIVIPOLA_MGN_2025/FeatureServer/317/query?where=dpto_ccdgo%3D%2786%27&outFields=MPIO_CDPMP%2CMPIO_CNMBRE%2CDPTO_CNMBRE&returnGeometry=true&outSR=4326&maxAllowableOffset=0.0001&geometryPrecision=5&f=geojson,2026-10-06,d0551c29a4ba671168788bee84824fc3d7bc882cbfbf3fa14fea14f31674443b,285501
(caché fuera del repo) mgn2025_mpio_d88.geojson,https://geoportal.dane.gov.co/mparcgis/rest/services/Divipola/Serv_DIVIPOLA_MGN_2025/FeatureServer/317/query?where=dpto_ccdgo%3D%2788%27&outFields=MPIO_CDPMP%2CMPIO_CNMBRE%2CDPTO_CNMBRE&returnGeometry=true&outSR=4326&maxAllowableOffset=0.0001&geometryPrecision=5&f=geojson,2026-10-06,6f34391c059580b6010af0ed98fd3988260c10eb9729d89a079982abab9ea636,17590
(caché fuera del repo) mgn2025_mpio_d91.geojson,https://geoportal.dane.gov.co/mparcgis/rest/services/Divipola/Serv_DIVIPOLA_MGN_2025/FeatureServer/317/query?where=dpto_ccdgo%3D%2791%27&outFields=MPIO_CDPMP%2CMPIO_CNMBRE%2CDPTO_CNMBRE&returnGeometry=true&outSR=4326&maxAllowableOffset=0.0001&geometryPrecision=5&f=geojson,2026-10-06,68b32bfbea2b1cbf019d7a86b9ee5ab0fe04f731c59db47754d945b0457a2dd6,466253
(caché fuera del repo) mgn2025_mpio_d94.geojson,https://geoportal.dane.gov.co/mparcgis/rest/services/Divipola/Serv_DIVIPOLA_MGN_2025/FeatureServer/317/query?where=dpto_ccdgo%3D%2794%27&outFields=MPIO_CDPMP%2CMPIO_CNMBRE%2CDPTO_CNMBRE&returnGeometry=true&outSR=4326&maxAllowableOffset=0.0001&geometryPrecision=5&f=geojson,2026-10-06,9ec1537d6d94126f2188aec0df4d8d0cfbcf7a68ebf57c7303b5c03c222e1217,565706
(caché fuera del repo) mgn2025_mpio_d95.geojson,https://geoportal.dane.gov.co/mparcgis/rest/services/Divipola/Serv_DIVIPOLA_MGN_2025/FeatureServer/317/query?where=dpto_ccdgo%3D%2795%27&outFields=MPIO_CDPMP%2CMPIO_CNMBRE%2CDPTO_CNMBRE&returnGeometry=true&outSR=4326&maxAllowableOffset=0.0001&geometryPrecision=5&f=geojson,2026-10-06,47051eac4313d4acf86f4ff0d056a00a43110ba115eb821364c8ce111a8a0867,415240
(caché fuera del repo) mgn2025_mpio_d97.geojson,https://geoportal.dane.gov.co/mparcgis/rest/services/Divipola/Serv_DIVIPOLA_MGN_2025/FeatureServer/317/query?where=dpto_ccdgo%3D%2797%27&outFields=MPIO_CDPMP%2CMPIO_CNMBRE%2CDPTO_CNMBRE&returnGeometry=true&outSR=4326&maxAllowableOffset=0.0001&geometryPrecision=5&f=geojson,2026-10-06,ac4d9934fb302c6b73e342d43d8814f0d5ee48b3979c3a60b58320683aaecfe2,329031
(caché fuera del repo) mgn2025_mpio_d99.geojson,https://geoportal.dane.gov.co/mparcgis/rest/services/Divipola/Serv_DIVIPOLA_MGN_2025/FeatureServer/317/query?where=dpto_ccdgo%3D%2799%27&outFields=MPIO_CDPMP%2CMPIO_CNMBRE%2CDPTO_CNMBRE&returnGeometry=true&outSR=4326&maxAllowableOffset=0.0001&geometryPrecision=5&f=geojson,2026-10-06,4c5e587e406588014d4252808b9447a426c3e73caaaded3aff8be93f32e7cfef,284832
