id,url,fecha_consulta,sha256,municipios
poblacion_total_2018,https://geoportal.dane.gov.co/mparcgis/rest/services/INDICADORES_DE_POBLACION/Serv_Mpios_DistribucionPoblacionTotalCen_2018/MapServer/4/query?where=MPIO_CCDGO+LIKE+%2741%25%27&outFields=MPIO_CCDGO%2CCL0_TT_PERSN&returnGeometry=false&orderByFields=MPIO_CCDGO&f=json,2026-10-05,cf036135ffa7a386da5ba7224f4a3a20ff51dccadccd77eeecfdce3c7141b387,37
poblacion_rural_disperso_2018,https://geoportal.dane.gov.co/mparcgis/rest/services/INDICADORES_DE_POBLACION/Serv_Mpios_DistribucionPoblacion_RuralDisper_2018/MapServer/4/query?where=MPIO_CCDGO+LIKE+%2741%25%27&outFields=MPIO_CCDGO%2CCL3_TT_PERSN&returnGeometry=false&orderByFields=MPIO_CCDGO&f=json,2026-10-05,d33e7f809e037012680ac7bb3945bf1115a6f212f871017a2fcd4f782295e5a3,37
indice_envejecimiento_2018,https://geoportal.dane.gov.co/mparcgis/rest/services/INDICADORES_DE_POBLACION/Serv_Mpios_IndEnvejecim60ymas_Total_2018/MapServer/4/query?where=MPIO_CCDGO+LIKE+%2741%25%27&outFields=MPIO_CCDGO%2CCL0_INDENVJ60MAS&returnGeometry=false&orderByFields=MPIO_CCDGO&f=json,2026-10-05,27be9ad907ebb41f4ad8d1e0cceae21f86ddd92434d4ba9872fe0ca641b9d35a,37
indice_juventud_2018,https://geoportal.dane.gov.co/mparcgis/rest/services/INDICADORES_DE_POBLACION/Serv_Mpios_IndJuventud_Total_2018/MapServer/4/query?where=MPIO_CCDGO+LIKE+%2741%25%27&outFields=MPIO_CCDGO%2CCL0_INDJUVT&returnGeometry=false&orderByFields=MPIO_CCDGO&f=json,2026-10-05,9441d0affc5f825e148bdec2fbff4301088ba809a71e79215bdde05dc7ff067f,37
dependencia_65mas_2018,https://geoportal.dane.gov.co/mparcgis/rest/services/INDICADORES_DE_POBLACION/Serv_Mpios_IndDependDemografica65ymas_Total_2018/MapServer/4/query?where=MPIO_CCDGO+LIKE+%2741%25%27&outFields=MPIO_CCDGO%2CCL0_INDDEPDC_65MAS&returnGeometry=false&orderByFields=MPIO_CCDGO&f=json,2026-10-05,a8f3a1b986f25619c16be93581ed1e039b5bde73ec211a999977b988a116f439,37
ipm_2018,https://geoportal.dane.gov.co/mparcgis/rest/services/INDICADORES_COND_DE_VIDA/Serv_Mpios_IndPobrezaMultidimensional_2018/MapServer/4/query?where=MPIO_CCDGO+LIKE+%2741%25%27&outFields=MPIO_CCDGO%2CIPM&returnGeometry=false&orderByFields=MPIO_CCDGO&f=json,2026-10-05,9af93b2ba4d02b487008ad427baf70ced7c21a9192a9e82d70f2f382824613c0,37
nbi_2018,https://geoportal.dane.gov.co/mparcgis/rest/services/INDICADORES_COND_DE_VIDA/Serv_Mpios_NBI_PropPersonasEnNBI_Total_2018/MapServer/4/query?where=MPIO_CCDGO+LIKE+%2741%25%27&outFields=MPIO_CCDGO%2CNBIC_Total_Prop_de_Personas_en_NBIPorc&returnGeometry=false&orderByFields=MPIO_CCDGO&f=json,2026-10-05,767e858535fbc52a11da7e49ad4774b55acabe3ff6c4bf19ed7c5bcd7e9250d6,37
miseria_2018,https://geoportal.dane.gov.co/mparcgis/rest/services/INDICADORES_COND_DE_VIDA/Serv_Mpios_NBI_PropPersonasEnMiseria_Total_2018/MapServer/4/query?where=MPIO_CCDGO+LIKE+%2741%25%27&outFields=MPIO_CCDGO%2CNBIC_Total_Prop_de_Personas_en_miseria&returnGeometry=false&orderByFields=MPIO_CCDGO&f=json,2026-10-05,c7a713dbac5f58bb8b56992040bf2511f2b18df4fd5c1ce98f09b191dbb68678,37
nbi_inasistencia_escolar_2018,https://geoportal.dane.gov.co/mparcgis/rest/services/INDICADORES_COND_DE_VIDA/Serv_Mpios_NBI_ComponenteInasistenciaEscolar_Total_2018/MapServer/4/query?where=MPIO_CCDGO+LIKE+%2741%25%27&outFields=MPIO_CCDGO%2CNBIC_Total_PP_Comp_Inasistencia&returnGeometry=false&orderByFields=MPIO_CCDGO&f=json,2026-10-05,ee6dac4de28c4aaa756c33bc2acef5b9447350f906a4ea5ed640d7afac6d688e,37
deficit_habitacional_2018,https://geoportal.dane.gov.co/mparcgis/rest/services/INDICADORES_COND_DE_VIDA/Serv_Mpios_DeficitHab_DeficitHabitacional_2018/MapServer/4/query?where=MPIO_CCDGO+LIKE+%2741%25%27&outFields=MPIO_CCDGO%2CPC_dvhabitat%2CN_dvhabitat&returnGeometry=false&orderByFields=MPIO_CCDGO&f=json,2026-10-05,bdf1bcb9be020f822418e30af8b2b146caa24d64c79963d50cdedd4aa10ac852,37
deficit_cuantitativo_2018,https://geoportal.dane.gov.co/mparcgis/rest/services/INDICADORES_COND_DE_VIDA/Serv_Mpios_DeficitHab_DeficitVivCuantitativo_2018/MapServer/4/query?where=MPIO_CCDGO+LIKE+%2741%25%27&outFields=MPIO_CCDGO%2CPC_dvcuanti&returnGeometry=false&orderByFields=MPIO_CCDGO&f=json,2026-10-05,904f5725f8ab076eb7fe920cd1728c1fbcfe559f34ab4db8ccd066bacb4dada5,37
deficit_cualitativo_2018,https://geoportal.dane.gov.co/mparcgis/rest/services/INDICADORES_COND_DE_VIDA/Serv_Mpios_DeficitHab_DeficitVivCualitativo_2018/MapServer/4/query?where=MPIO_CCDGO+LIKE+%2741%25%27&outFields=MPIO_CCDGO%2CPC_dvcuali&returnGeometry=false&orderByFields=MPIO_CCDGO&f=json,2026-10-05,669b4c286af45ad26af9087706c512f8cf94223c371f398174a595bc7ed241ef,37
cobertura_acueducto_2018,https://geoportal.dane.gov.co/mparcgis/rest/services/INDICADORES_VIVIENDA/Serv_Mpios_CoberturaAcueducto_Ano_2018/MapServer/1/query?where=MPIO_CCDGO+LIKE+%2741%25%27&outFields=MPIO_CCDGO%2CCL0_AC_TU1%2CCL0_AC_TU2&returnGeometry=false&orderByFields=MPIO_CCDGO&f=json,2026-10-05,dad9973cb082a0d3eacc692d526a9a4f73f04aa7bf69d8bc5c917490786bebb7,37
cobertura_alcantarillado_2018,https://geoportal.dane.gov.co/mparcgis/rest/services/INDICADORES_VIVIENDA/Serv_Mpios_CoberturaAlcantarillado_Ano_2018/MapServer/5/query?where=MPIO_CCDGO+LIKE+%2741%25%27&outFields=MPIO_CCDGO%2CCL0_AL_PP1&returnGeometry=false&orderByFields=MPIO_CCDGO&f=json,2026-10-05,3c662f4d8272201841ac06065e566e4561a70e07ece89e74b618506610bb519f,37
cobertura_energia_2018,https://geoportal.dane.gov.co/mparcgis/rest/services/INDICADORES_VIVIENDA/Serv_Mpios_CoberturaEnergia_Ano_2018/MapServer/5/query?where=MPIO_CCDGO+LIKE+%2741%25%27&outFields=MPIO_CCDGO%2CCL0_EE_PP1&returnGeometry=false&orderByFields=MPIO_CCDGO&f=json,2026-10-05,d7d731854f5bab57ebf816b4c06c3ff72748e6b4d02b0f83a7ff3f742401df69,37
cobertura_gas_2018,https://geoportal.dane.gov.co/mparcgis/rest/services/INDICADORES_VIVIENDA/Serv_Mpios_CoberturaGas_Ano_2018/MapServer/5/query?where=MPIO_CCDGO+LIKE+%2741%25%27&outFields=MPIO_CCDGO%2CCL0_GA_PP1&returnGeometry=false&orderByFields=MPIO_CCDGO&f=json,2026-10-05,6a2167d25a9ce9ff5908c13e5e4385bcf9212210dfa1f6d8aee7dc32455a670b,37
cobertura_internet_2018,https://geoportal.dane.gov.co/mparcgis/rest/services/INDICADORES_VIVIENDA/Serv_Mpios_CoberturaInternet_Ano_2018/MapServer/5/query?where=MPIO_CCDGO+LIKE+%2741%25%27&outFields=MPIO_CCDGO%2CCL0_IN_PP1&returnGeometry=false&orderByFields=MPIO_CCDGO&f=json,2026-10-05,e7e4fa092000b5c48c21873f6aa183a2b32bdf746e498e2fe295298ba3caa89b,37
grupos_etnicos_2018,https://geoportal.dane.gov.co/mparcgis/rest/services/INDICADORES_GRUPOS_ETNICOS/Serv_Mpios_PoblacionIndigena_2018/MapServer/4/query?where=U_MPIO+LIKE+%2741%25%27&outFields=U_MPIO%2CTOTAL_UNIDADES_PA1_GRP_ETNIC_1%2CPARTICIPACION_PORCENTUAL_PA1_GRP_ETNIC_1%2CTOTAL_UNIDADES_PA1_GRP_ETNIC_5%2CPARTICIPACION_PORCENTUAL_PA1_GRP_ETNIC_5&returnGeometry=false&orderByFields=U_MPIO&f=json,2026-10-05,a3cd18627c8756bb9f605ce0f534d79788712026ad25f21946eac96be992cee9,37
