cod_registraduria,nombre_registraduria_2019,nombre_registraduria_2023,cod_divipola,municipio,latitud,longitud
001,NEIVA,NEIVA,41001,NEIVA,2.935432,-75.277327
004,ACEVEDO,ACEVEDO,41006,ACEVEDO,1.805173,-75.888706
007,AGRADO,AGRADO,41013,AGRADO,2.25987,-75.772022
010,AIPE,AIPE,41016,AIPE,3.223996,-75.239017
013,ALGECIRAS,ALGECIRAS,41020,ALGECIRAS,2.521674,-75.315389
016,ALTAMIRA,ALTAMIRA,41026,ALTAMIRA,2.063841,-75.788471
019,BARAYA,BARAYA,41078,BARAYA,3.152204,-75.054843
022,CAMPOALEGRE,CAMPOALEGRE,41132,CAMPOALEGRE,2.686767,-75.325748
025,TESALIA CARNICERIAS,TESALIA (CARNICERIAS),41797,TESALIA,2.486364,-75.730271
028,COLOMBIA,COLOMBIA,41206,COLOMBIA,3.376745,-74.802815
031,ELIAS,ELIAS,41244,ELÍAS,2.012854,-75.938301
034,GARZON,GARZON,41298,GARZÓN,2.196493,-75.627057
037,GIGANTE,GIGANTE,41306,GIGANTE,2.384031,-75.547681
040,GUADALUPE,GUADALUPE,41319,GUADALUPE,2.02426,-75.757185
043,HOBO,HOBO,41349,HOBO,2.580812,-75.447697
044,ISNOS,ISNOS,41359,ISNOS,1.929467,-76.217637
046,IQUIRA,IQUIRA,41357,ÍQUIRA,2.649359,-75.634497
047,LA ARGENTINA PLATA VIEJA,LA ARGENTINA (PLATA VIEJA),41378,LA ARGENTINA,2.198496,-75.979763
049,LA PLATA,LA PLATA,41396,LA PLATA,2.389263,-75.891254
050,NATAGA,NATAGA,41483,NÁTAGA,2.5451,-75.808756
051,OPORAPA,OPORAPA,41503,OPORAPA,2.025088,-75.995165
052,PAICOL,PAICOL,41518,PAICOL,2.449651,-75.773158
055,PALERMO,PALERMO,41524,PALERMO,2.889649,-75.435296
056,PALESTINA,PALESTINA,41530,PALESTINA,1.723725,-76.133251
058,PITAL,PITAL,41548,PITAL,2.266618,-75.804544
061,PITALITO,PITALITO,41551,PITALITO,1.852631,-76.049441
064,RIVERA,RIVERA,41615,RIVERA,2.777586,-75.258753
067,SALADOBLANCO,SALADOBLANCO,41660,SALADOBLANCO,1.9934,-76.044747
070,SAN AGUSTIN,SAN AGUSTIN,41668,SAN AGUSTÍN,1.881081,-76.27036
074,SANTA MARIA,SANTA MARIA,41676,SANTA MARÍA,2.939603,-75.586223
076,SUAZA,SUAZA,41770,SUAZA,1.976051,-75.79525
079,TARQUI,TARQUI,41791,TARQUI,2.111325,-75.823976
082,TELLO,TELLO,41799,TELLO,3.067538,-75.138773
085,TERUEL,TERUEL,41801,TERUEL,2.740968,-75.567034
088,TIMANA,TIMANA,41807,TIMANÁ,1.974539,-75.932167
091,VILLAVIEJA,VILLAVIEJA,41872,VILLAVIEJA,3.218822,-75.217174
094,YAGUARA,YAGUARA,41885,YAGUARÁ,2.664694,-75.518023
