id,tema,dim,indicador,etiqueta,sentido,ceros,subcategoria
mort_infantil,Salud,5,Tasa de mortalidad infantil en menores de 1 año (x cada 1.000 nacidos vivos),Mortalidad infantil (menores de 1 año),peor,si,
mort_menor5,Salud,5,Tasa de mortalidad infantil en menores de 5 años,Mortalidad en menores de 5 años,peor,si,
mort_neonatal,Salud,5,Tasa de mortalidad neonatal,Mortalidad neonatal,peor,si,
mort_materna,Salud,5,Razón de mortalidad materna a 42 días,Mortalidad materna,peor,si,
bajo_peso,Salud,5,Porcentaje de nacidos vivos con bajo peso al nacer,Bajo peso al nacer,peor,no,
control_prenatal,Salud,5,Porcentaje de nacidos vivos con 4 o más consultas de control prenatal,Control prenatal (4 o más consultas),mejor,no,
partos_calificados,Salud,5,Porcentaje de partos atendidos por personal calificado,Partos atendidos por personal calificado,mejor,no,
embarazo_adolescente,Salud,5,Porcentaje de nacidos vivos hijos de mujeres de 14 a 17 años,Embarazo adolescente (madres de 14 a 17 años),peor,si,
fecundidad_15_19,Salud,5,Tasa de fecundidad en mujeres entre 15 y 19 años,Fecundidad en mujeres de 15 a 19 años,peor,no,
regimen_subsidiado,Salud,5,Cobertura del régimen subsidiado,Cobertura del régimen subsidiado,contexto,no,
vih,Salud,5,Incidencia del VIH,Incidencia del VIH,peor,no,
tuberculosis,Salud,5,Incidencia de la tuberculosis,Incidencia de la tuberculosis,peor,no,
dengue,Salud,5,Incidencia del dengue,Incidencia del dengue,peor,no,
suicidio_ajustada,Salud,5,Tasa ajustada de mortalidad por lesiones autoinfligidas intencionalmente (suicidios),Mortalidad por suicidio (tasa ajustada),peor,no,
homicidio,Seguridad,6,Tasa de homicidio intencional por cada 100.000 habitantes,Homicidio intencional,peor,si,
hurto_personas,Seguridad,6,Tasa de hurto a personas por cada 100.000 habitantes,Hurto a personas,peor,si,
vif,Seguridad,6,Tasa de violencia intrafamiliar por cada 100.000 habitantes,Violencia intrafamiliar,peor,si,
delitos_sexuales,Seguridad,6,Tasa de delitos sexuales por cada 100.000 habitantes,Delitos sexuales,peor,si,
violencia_interpersonal,Seguridad,6,Tasa de violencia interpersonal por cada 100.000 habitantes,Violencia interpersonal,peor,si,
extorsion,Seguridad,6,Tasa de extorsión por cada 100.000 habitantes,Extorsión,peor,si,
secuestro,Seguridad,6,Tasa de secuestro por cada 100.000 habitantes,Secuestro,peor,si,
homicidio_transito,Seguridad,6,Tasa de homicidios en accidentes de tránsito por cada 100.000 habitantes,Muertes en siniestros de tránsito,peor,si,
va_per_capita,Economía,12,Valor agregado per cápita,Valor agregado por habitante,mejor,no,Valor agregado municipal
va_primarias,Economía,12,Porcentaje del valor agregado por actividades económicas - Actividades primarias,Peso de las actividades primarias,contexto,no,Valor agregado municipal
ipm,Economía,14,indice de pobreza multidimensional - IPM (Censo),Pobreza multidimensional (IPM),peor,no,
nbi,Economía,14,indice de Necesidades Basicas Insatisfechas - NBI,Necesidades básicas insatisfechas (NBI),peor,no,
miseria,Economía,14,Poblacion en condicion de miseria,Población en miseria,peor,no,
deficit_cuanti,Economía,3,Déficit cuantitativo de vivienda (Censo),Déficit cuantitativo de vivienda,peor,no,
deficit_cuali,Economía,3,Déficit cualitativo de vivienda (Censo),Déficit cualitativo de vivienda,peor,no,
cobertura_neta,Educación y servicios,4,Cobertura neta en educación - Total,Cobertura neta en educación,mejor,no,
cobertura_media,Educación y servicios,4,Cobertura neta en educación media,Cobertura neta en educación media,mejor,no,
educ_superior,Educación y servicios,4,Cobertura en educación superior,Cobertura en educación superior,mejor,no,
transito_superior,Educación y servicios,4,Tasa de tránsito inmediato a la educación superior,Tránsito inmediato a educación superior,mejor,no,
desercion,Educación y servicios,4,Tasa de deserción intra-anual en educación (Desde transición hasta once),Deserción escolar intra-anual,peor,no,
saber_mat,Educación y servicios,4,Puntaje promedio Pruebas Saber 11 - Matemáticas,Saber 11: matemáticas,mejor,no,
saber_lectura,Educación y servicios,4,Puntaje promedio Pruebas Saber 11 - Lectura crítica,Saber 11: lectura crítica,mejor,no,
analfabetismo,Educación y servicios,4,Tasa de Analfabetismo (Censo),Analfabetismo,peor,no,
acueducto,Educación y servicios,3,Cobertura de acueducto (REC),Cobertura de acueducto,mejor,no,
alcantarillado,Educación y servicios,3,Cobertura de alcantarillado (REC),Cobertura de alcantarillado,mejor,no,
aseo,Educación y servicios,3,Cobertura de aseo (REC),Cobertura de aseo,mejor,no,
internet,Educación y servicios,3,Penetración de acceso fijo a Internet,Internet fijo (penetración),mejor,no,
poblacion,Caracterización,1,Población total,Población total,contexto,no,
densidad,Caracterización,1,Densidad poblacional,Densidad poblacional,contexto,no,
variacion_intercensal,Caracterización,1,Variación porcentual intercensal 2005 - 2018,Crecimiento de la población 2005-2018,contexto,no,
