cod_divipola,municipio,subregion
41001,Neiva,Norte
41006,Acevedo,Sur
41013,Agrado,Centro
41016,Aipe,Norte
41020,Algeciras,Norte
41026,Altamira,Centro
41078,Baraya,Norte
41132,Campoalegre,Norte
41206,Colombia,Norte
41244,Elías,Sur
41298,Garzón,Centro
41306,Gigante,Centro
41319,Guadalupe,Centro
41349,Hobo,Norte
41357,Íquira,Norte
41359,Isnos,Sur
41378,La Argentina,Occidente
41396,La Plata,Occidente
41483,Nátaga,Occidente
41503,Oporapa,Sur
41518,Paicol,Occidente
41524,Palermo,Norte
41530,Palestina,Sur
41548,Pital,Centro
41551,Pitalito,Sur
41615,Rivera,Norte
41660,Saladoblanco,Sur
41668,San Agustín,Sur
41676,Santa María,Norte
41770,Suaza,Centro
41791,Tarqui,Centro
41797,Tesalia,Occidente
41799,Tello,Norte
41801,Teruel,Norte
41807,Timaná,Sur
41872,Villavieja,Norte
41885,Yaguará,Norte
