cod_divipola,municipio,anio,poblacion
41001,NEIVA,2018,357376
41006,ACEVEDO,2018,24777
41013,AGRADO,2018,8804
41016,AIPE,2018,16168
41020,ALGECIRAS,2018,22495
41026,ALTAMIRA,2018,4272
41078,BARAYA,2018,8345
41132,CAMPOALEGRE,2018,31080
41206,COLOMBIA,2018,7276
41244,ELÍAS,2018,4223
41298,GARZÓN,2018,72381
41306,GIGANTE,2018,24567
41319,GUADALUPE,2018,17884
41349,HOBO,2018,7300
41357,ÍQUIRA,2018,9260
41359,ISNOS,2018,25183
41378,LA ARGENTINA,2018,12865
41396,LA PLATA,2018,61029
41483,NÁTAGA,2018,6469
41503,OPORAPA,2018,11620
41518,PAICOL,2018,6571
41524,PALERMO,2018,26280
41530,PALESTINA,2018,11159
41548,PITAL,2018,13784
41551,PITALITO,2018,124359
41615,RIVERA,2018,24305
41660,SALADOBLANCO,2018,10450
41668,SAN AGUSTÍN,2018,33027
41676,SANTA MARÍA,2018,10409
41770,SUAZA,2018,21851
41791,TARQUI,2018,17442
41797,TESALIA,2018,10696
41799,TELLO,2018,11802
41801,TERUEL,2018,8043
41807,TIMANÁ,2018,21790
41872,VILLAVIEJA,2018,7282
41885,YAGUARÁ,2018,7740
41001,NEIVA,2019,364508
41006,ACEVEDO,2019,24993
41013,AGRADO,2019,8897
41016,AIPE,2019,16346
41020,ALGECIRAS,2019,22560
41026,ALTAMIRA,2019,4358
41078,BARAYA,2019,8330
41132,CAMPOALEGRE,2019,31278
41206,COLOMBIA,2019,7354
41244,ELÍAS,2019,4294
41298,GARZÓN,2019,73131
41306,GIGANTE,2019,24490
41319,GUADALUPE,2019,18026
41349,HOBO,2019,7411
41357,ÍQUIRA,2019,9331
41359,ISNOS,2019,25437
41378,LA ARGENTINA,2019,13047
41396,LA PLATA,2019,62181
41483,NÁTAGA,2019,6563
41503,OPORAPA,2019,11750
41518,PAICOL,2019,6751
41524,PALERMO,2019,26395
41530,PALESTINA,2019,11294
41548,PITAL,2019,13957
41551,PITALITO,2019,127235
41615,RIVERA,2019,25034
41660,SALADOBLANCO,2019,10499
41668,SAN AGUSTÍN,2019,33500
41676,SANTA MARÍA,2019,10486
41770,SUAZA,2019,22525
41791,TARQUI,2019,17665
41797,TESALIA,2019,10947
41799,TELLO,2019,11936
41801,TERUEL,2019,8103
41807,TIMANÁ,2019,22069
41872,VILLAVIEJA,2019,7316
41885,YAGUARÁ,2019,7789
41001,NEIVA,2020,371690
41006,ACEVEDO,2020,25228
41013,AGRADO,2020,8992
41016,AIPE,2020,16556
41020,ALGECIRAS,2020,22658
41026,ALTAMIRA,2020,4423
41078,BARAYA,2020,8346
41132,CAMPOALEGRE,2020,31493
41206,COLOMBIA,2020,7409
41244,ELÍAS,2020,4375
41298,GARZÓN,2020,73890
41306,GIGANTE,2020,24390
41319,GUADALUPE,2020,18142
41349,HOBO,2020,7539
41357,ÍQUIRA,2020,9436
41359,ISNOS,2020,25703
41378,LA ARGENTINA,2020,13245
41396,LA PLATA,2020,63357
41483,NÁTAGA,2020,6662
41503,OPORAPA,2020,11881
41518,PAICOL,2020,6935
41524,PALERMO,2020,26522
41530,PALESTINA,2020,11420
41548,PITAL,2020,14113
41551,PITALITO,2020,130115
41615,RIVERA,2020,25769
41660,SALADOBLANCO,2020,10581
41668,SAN AGUSTÍN,2020,33988
41676,SANTA MARÍA,2020,10539
41770,SUAZA,2020,23201
41791,TARQUI,2020,17890
41797,TESALIA,2020,11175
41799,TELLO,2020,12041
41801,TERUEL,2020,8132
41807,TIMANÁ,2020,22338
41872,VILLAVIEJA,2020,7362
41885,YAGUARÁ,2020,7860
41001,NEIVA,2021,378215
41006,ACEVEDO,2021,25435
41013,AGRADO,2021,9095
41016,AIPE,2021,16723
41020,ALGECIRAS,2021,22718
41026,ALTAMIRA,2021,4502
41078,BARAYA,2021,8331
41132,CAMPOALEGRE,2021,31608
41206,COLOMBIA,2021,7468
41244,ELÍAS,2021,4459
41298,GARZÓN,2021,74532
41306,GIGANTE,2021,24277
41319,GUADALUPE,2021,18268
41349,HOBO,2021,7664
41357,ÍQUIRA,2021,9514
41359,ISNOS,2021,25938
41378,LA ARGENTINA,2021,13432
41396,LA PLATA,2021,64475
41483,NÁTAGA,2021,6749
41503,OPORAPA,2021,12004
41518,PAICOL,2021,7094
41524,PALERMO,2021,26597
41530,PALESTINA,2021,11527
41548,PITAL,2021,14261
41551,PITALITO,2021,132886
41615,RIVERA,2021,26464
41660,SALADOBLANCO,2021,10648
41668,SAN AGUSTÍN,2021,34430
41676,SANTA MARÍA,2021,10615
41770,SUAZA,2021,23831
41791,TARQUI,2021,18110
41797,TESALIA,2021,11389
41799,TELLO,2021,12161
41801,TERUEL,2021,8160
41807,TIMANÁ,2021,22591
41872,VILLAVIEJA,2021,7393
41885,YAGUARÁ,2021,7918
41001,NEIVA,2022,384329
41006,ACEVEDO,2022,25619
41013,AGRADO,2022,9147
41016,AIPE,2022,16886
41020,ALGECIRAS,2022,22735
41026,ALTAMIRA,2022,4578
41078,BARAYA,2022,8289
41132,CAMPOALEGRE,2022,31720
41206,COLOMBIA,2022,7538
41244,ELÍAS,2022,4546
41298,GARZÓN,2022,75065
41306,GIGANTE,2022,24111
41319,GUADALUPE,2022,18346
41349,HOBO,2022,7761
41357,ÍQUIRA,2022,9577
41359,ISNOS,2022,26151
41378,LA ARGENTINA,2022,13568
41396,LA PLATA,2022,65502
41483,NÁTAGA,2022,6828
41503,OPORAPA,2022,12094
41518,PAICOL,2022,7245
41524,PALERMO,2022,26635
41530,PALESTINA,2022,11646
41548,PITAL,2022,14385
41551,PITALITO,2022,135517
41615,RIVERA,2022,27104
41660,SALADOBLANCO,2022,10689
41668,SAN AGUSTÍN,2022,34832
41676,SANTA MARÍA,2022,10652
41770,SUAZA,2022,24460
41791,TARQUI,2022,18299
41797,TESALIA,2022,11613
41799,TELLO,2022,12273
41801,TERUEL,2022,8203
41807,TIMANÁ,2022,22830
41872,VILLAVIEJA,2022,7421
41885,YAGUARÁ,2022,7949
41001,NEIVA,2023,390199
41006,ACEVEDO,2023,25768
41013,AGRADO,2023,9209
41016,AIPE,2023,17039
41020,ALGECIRAS,2023,22728
41026,ALTAMIRA,2023,4649
41078,BARAYA,2023,8246
41132,CAMPOALEGRE,2023,31782
41206,COLOMBIA,2023,7593
41244,ELÍAS,2023,4619
41298,GARZÓN,2023,75551
41306,GIGANTE,2023,23919
41319,GUADALUPE,2023,18423
41349,HOBO,2023,7878
41357,ÍQUIRA,2023,9639
41359,ISNOS,2023,26316
41378,LA ARGENTINA,2023,13727
41396,LA PLATA,2023,66481
41483,NÁTAGA,2023,6899
41503,OPORAPA,2023,12188
41518,PAICOL,2023,7395
41524,PALERMO,2023,26638
41530,PALESTINA,2023,11738
41548,PITAL,2023,14516
41551,PITALITO,2023,138056
41615,RIVERA,2023,27738
41660,SALADOBLANCO,2023,10721
41668,SAN AGUSTÍN,2023,35223
41676,SANTA MARÍA,2023,10680
41770,SUAZA,2023,25011
41791,TARQUI,2023,18481
41797,TESALIA,2023,11821
41799,TELLO,2023,12371
41801,TERUEL,2023,8223
41807,TIMANÁ,2023,23015
41872,VILLAVIEJA,2023,7427
41885,YAGUARÁ,2023,7975
41001,NEIVA,2024,396442
41006,ACEVEDO,2024,25976
41013,AGRADO,2024,9282
41016,AIPE,2024,17200
41020,ALGECIRAS,2024,22769
41026,ALTAMIRA,2024,4710
41078,BARAYA,2024,8221
41132,CAMPOALEGRE,2024,31873
41206,COLOMBIA,2024,7666
41244,ELÍAS,2024,4683
41298,GARZÓN,2024,76079
41306,GIGANTE,2024,23760
41319,GUADALUPE,2024,18490
41349,HOBO,2024,7995
41357,ÍQUIRA,2024,9715
41359,ISNOS,2024,26521
41378,LA ARGENTINA,2024,13876
41396,LA PLATA,2024,67536
41483,NÁTAGA,2024,7007
41503,OPORAPA,2024,12309
41518,PAICOL,2024,7546
41524,PALERMO,2024,26677
41530,PALESTINA,2024,11821
41548,PITAL,2024,14641
41551,PITALITO,2024,140776
41615,RIVERA,2024,28367
41660,SALADOBLANCO,2024,10768
41668,SAN AGUSTÍN,2024,35620
41676,SANTA MARÍA,2024,10740
41770,SUAZA,2024,25611
41791,TARQUI,2024,18649
41797,TESALIA,2024,12047
41799,TELLO,2024,12495
41801,TERUEL,2024,8237
41807,TIMANÁ,2024,23228
41872,VILLAVIEJA,2024,7418
41885,YAGUARÁ,2024,8003
41001,NEIVA,2025,402479
41006,ACEVEDO,2025,26133
41013,AGRADO,2025,9337
41016,AIPE,2025,17368
41020,ALGECIRAS,2025,22780
41026,ALTAMIRA,2025,4760
41078,BARAYA,2025,8183
41132,CAMPOALEGRE,2025,31929
41206,COLOMBIA,2025,7705
41244,ELÍAS,2025,4766
41298,GARZÓN,2025,76558
41306,GIGANTE,2025,23562
41319,GUADALUPE,2025,18554
41349,HOBO,2025,8082
41357,ÍQUIRA,2025,9791
41359,ISNOS,2025,26685
41378,LA ARGENTINA,2025,14021
41396,LA PLATA,2025,68544
41483,NÁTAGA,2025,7050
41503,OPORAPA,2025,12403
41518,PAICOL,2025,7718
41524,PALERMO,2025,26694
41530,PALESTINA,2025,11920
41548,PITAL,2025,14761
41551,PITALITO,2025,143407
41615,RIVERA,2025,28966
41660,SALADOBLANCO,2025,10798
41668,SAN AGUSTÍN,2025,36013
41676,SANTA MARÍA,2025,10786
41770,SUAZA,2025,26160
41791,TARQUI,2025,18837
41797,TESALIA,2025,12262
41799,TELLO,2025,12561
41801,TERUEL,2025,8265
41807,TIMANÁ,2025,23418
41872,VILLAVIEJA,2025,7435
41885,YAGUARÁ,2025,8037
41001,NEIVA,2026,408218
41006,ACEVEDO,2026,26282
41013,AGRADO,2026,9401
41016,AIPE,2026,17510
41020,ALGECIRAS,2026,22750
41026,ALTAMIRA,2026,4825
41078,BARAYA,2026,8137
41132,CAMPOALEGRE,2026,31970
41206,COLOMBIA,2026,7761
41244,ELÍAS,2026,4821
41298,GARZÓN,2026,76970
41306,GIGANTE,2026,23353
41319,GUADALUPE,2026,18602
41349,HOBO,2026,8175
41357,ÍQUIRA,2026,9857
41359,ISNOS,2026,26820
41378,LA ARGENTINA,2026,14169
41396,LA PLATA,2026,69514
41483,NÁTAGA,2026,7143
41503,OPORAPA,2026,12490
41518,PAICOL,2026,7856
41524,PALERMO,2026,26662
41530,PALESTINA,2026,12014
41548,PITAL,2026,14869
41551,PITALITO,2026,145949
41615,RIVERA,2026,29544
41660,SALADOBLANCO,2026,10813
41668,SAN AGUSTÍN,2026,36348
41676,SANTA MARÍA,2026,10798
41770,SUAZA,2026,26697
41791,TARQUI,2026,19002
41797,TESALIA,2026,12440
41799,TELLO,2026,12653
41801,TERUEL,2026,8277
41807,TIMANÁ,2026,23619
41872,VILLAVIEJA,2026,7464
41885,YAGUARÁ,2026,8074
41001,NEIVA,2027,413804
41006,ACEVEDO,2027,26429
41013,AGRADO,2027,9442
41016,AIPE,2027,17644
41020,ALGECIRAS,2027,22710
41026,ALTAMIRA,2027,4897
41078,BARAYA,2027,8092
41132,CAMPOALEGRE,2027,31998
41206,COLOMBIA,2027,7797
41244,ELÍAS,2027,4865
41298,GARZÓN,2027,77342
41306,GIGANTE,2027,23161
41319,GUADALUPE,2027,18638
41349,HOBO,2027,8280
41357,ÍQUIRA,2027,9894
41359,ISNOS,2027,26973
41378,LA ARGENTINA,2027,14298
41396,LA PLATA,2027,70457
41483,NÁTAGA,2027,7199
41503,OPORAPA,2027,12545
41518,PAICOL,2027,8039
41524,PALERMO,2027,26650
41530,PALESTINA,2027,12096
41548,PITAL,2027,14974
41551,PITALITO,2027,148445
41615,RIVERA,2027,30094
41660,SALADOBLANCO,2027,10837
41668,SAN AGUSTÍN,2027,36676
41676,SANTA MARÍA,2027,10822
41770,SUAZA,2027,27184
41791,TARQUI,2027,19154
41797,TESALIA,2027,12669
41799,TELLO,2027,12739
41801,TERUEL,2027,8266
41807,TIMANÁ,2027,23773
41872,VILLAVIEJA,2027,7449
41885,YAGUARÁ,2027,8078
41001,NEIVA,2028,419210
41006,ACEVEDO,2028,26552
41013,AGRADO,2028,9496
41016,AIPE,2028,17781
41020,ALGECIRAS,2028,22668
41026,ALTAMIRA,2028,4931
41078,BARAYA,2028,8062
41132,CAMPOALEGRE,2028,31991
41206,COLOMBIA,2028,7852
41244,ELÍAS,2028,4924
41298,GARZÓN,2028,77661
41306,GIGANTE,2028,22933
41319,GUADALUPE,2028,18672
41349,HOBO,2028,8370
41357,ÍQUIRA,2028,9967
41359,ISNOS,2028,27095
41378,LA ARGENTINA,2028,14426
41396,LA PLATA,2028,71378
41483,NÁTAGA,2028,7277
41503,OPORAPA,2028,12633
41518,PAICOL,2028,8185
41524,PALERMO,2028,26614
41530,PALESTINA,2028,12161
41548,PITAL,2028,15052
41551,PITALITO,2028,150916
41615,RIVERA,2028,30606
41660,SALADOBLANCO,2028,10842
41668,SAN AGUSTÍN,2028,37001
41676,SANTA MARÍA,2028,10812
41770,SUAZA,2028,27652
41791,TARQUI,2028,19285
41797,TESALIA,2028,12867
41799,TELLO,2028,12828
41801,TERUEL,2028,8259
41807,TIMANÁ,2028,23920
41872,VILLAVIEJA,2028,7452
41885,YAGUARÁ,2028,8113
41001,NEIVA,2029,424400
41006,ACEVEDO,2029,26672
41013,AGRADO,2029,9547
41016,AIPE,2029,17888
41020,ALGECIRAS,2029,22607
41026,ALTAMIRA,2029,4985
41078,BARAYA,2029,8005
41132,CAMPOALEGRE,2029,31971
41206,COLOMBIA,2029,7885
41244,ELÍAS,2029,4986
41298,GARZÓN,2029,77950
41306,GIGANTE,2029,22705
41319,GUADALUPE,2029,18683
41349,HOBO,2029,8448
41357,ÍQUIRA,2029,10014
41359,ISNOS,2029,27207
41378,LA ARGENTINA,2029,14534
41396,LA PLATA,2029,72249
41483,NÁTAGA,2029,7307
41503,OPORAPA,2029,12692
41518,PAICOL,2029,8332
41524,PALERMO,2029,26544
41530,PALESTINA,2029,12238
41548,PITAL,2029,15136
41551,PITALITO,2029,153333
41615,RIVERA,2029,31114
41660,SALADOBLANCO,2029,10861
41668,SAN AGUSTÍN,2029,37306
41676,SANTA MARÍA,2029,10832
41770,SUAZA,2029,28123
41791,TARQUI,2029,19428
41797,TESALIA,2029,13061
41799,TELLO,2029,12903
41801,TERUEL,2029,8262
41807,TIMANÁ,2029,24079
41872,VILLAVIEJA,2029,7444
41885,YAGUARÁ,2029,8108
41001,NEIVA,2030,429434
41006,ACEVEDO,2030,26771
41013,AGRADO,2030,9585
41016,AIPE,2030,18020
41020,ALGECIRAS,2030,22548
41026,ALTAMIRA,2030,5020
41078,BARAYA,2030,7940
41132,CAMPOALEGRE,2030,31947
41206,COLOMBIA,2030,7924
41244,ELÍAS,2030,5015
41298,GARZÓN,2030,78215
41306,GIGANTE,2030,22455
41319,GUADALUPE,2030,18714
41349,HOBO,2030,8537
41357,ÍQUIRA,2030,10043
41359,ISNOS,2030,27313
41378,LA ARGENTINA,2030,14648
41396,LA PLATA,2030,73100
41483,NÁTAGA,2030,7382
41503,OPORAPA,2030,12744
41518,PAICOL,2030,8470
41524,PALERMO,2030,26476
41530,PALESTINA,2030,12300
41548,PITAL,2030,15220
41551,PITALITO,2030,155718
41615,RIVERA,2030,31582
41660,SALADOBLANCO,2030,10853
41668,SAN AGUSTÍN,2030,37577
41676,SANTA MARÍA,2030,10863
41770,SUAZA,2030,28547
41791,TARQUI,2030,19560
41797,TESALIA,2030,13249
41799,TELLO,2030,12954
41801,TERUEL,2030,8245
41807,TIMANÁ,2030,24213
41872,VILLAVIEJA,2030,7430
41885,YAGUARÁ,2030,8120
