corredor,nombre_corredor,departamento_tabla,celda_original,cod_divipola,municipio
3.1,Putumayo – Cauca – Micay – Pacífico,Putumayo,"Puerto Asís, Puerto Guzmán, Villagarzón, Piamonte",86568,Puerto Asís
3.1,Putumayo – Cauca – Micay – Pacífico,Putumayo,"Puerto Asís, Puerto Guzmán, Villagarzón, Piamonte",86571,Puerto Guzmán
3.1,Putumayo – Cauca – Micay – Pacífico,Putumayo,"Puerto Asís, Puerto Guzmán, Villagarzón, Piamonte",86885,Villagarzón
3.1,Putumayo – Cauca – Micay – Pacífico,Putumayo,"Puerto Asís, Puerto Guzmán, Villagarzón, Piamonte",19533,Piamonte
3.1,Putumayo – Cauca – Micay – Pacífico,Cauca,"Argelia, El Plateado (corregimiento de El Tambo), Balboa, El Tambo, Patía, Sucre",19050,Argelia
3.1,Putumayo – Cauca – Micay – Pacífico,Cauca,"Argelia, El Plateado (corregimiento de El Tambo), Balboa, El Tambo, Patía, Sucre",19075,Balboa
3.1,Putumayo – Cauca – Micay – Pacífico,Cauca,"Argelia, El Plateado (corregimiento de El Tambo), Balboa, El Tambo, Patía, Sucre",19256,El Tambo
3.1,Putumayo – Cauca – Micay – Pacífico,Cauca,"Argelia, El Plateado (corregimiento de El Tambo), Balboa, El Tambo, Patía, Sucre",19532,Patía
3.1,Putumayo – Cauca – Micay – Pacífico,Cauca,"Argelia, El Plateado (corregimiento de El Tambo), Balboa, El Tambo, Patía, Sucre",19785,Sucre
3.1,Putumayo – Cauca – Micay – Pacífico,Cauca – Pacífico,"López de Micay, Timbiquí, Guapi",19418,López de Micay
3.1,Putumayo – Cauca – Micay – Pacífico,Cauca – Pacífico,"López de Micay, Timbiquí, Guapi",19809,Timbiquí
3.1,Putumayo – Cauca – Micay – Pacífico,Cauca – Pacífico,"López de Micay, Timbiquí, Guapi",19318,Guapi
3.1,Putumayo – Cauca – Micay – Pacífico,Nariño,"Policarpa, Barbacoas, El Charco",52540,Policarpa
3.1,Putumayo – Cauca – Micay – Pacífico,Nariño,"Policarpa, Barbacoas, El Charco",52079,Barbacoas
3.1,Putumayo – Cauca – Micay – Pacífico,Nariño,"Policarpa, Barbacoas, El Charco",52250,El Charco
3.2,Chocó – Eje Cafetero – Tolima (Cañón de las Garrapatas),Chocó,"Nóvita, San José del Palmar, Sipí, Medio y litoral San Juan",27491,Nóvita
3.2,Chocó – Eje Cafetero – Tolima (Cañón de las Garrapatas),Chocó,"Nóvita, San José del Palmar, Sipí, Medio y litoral San Juan",27660,San José del Palmar
3.2,Chocó – Eje Cafetero – Tolima (Cañón de las Garrapatas),Chocó,"Nóvita, San José del Palmar, Sipí, Medio y litoral San Juan",27745,Sipí
3.2,Chocó – Eje Cafetero – Tolima (Cañón de las Garrapatas),Chocó,"Nóvita, San José del Palmar, Sipí, Medio y litoral San Juan",27450,Medio San Juan
3.2,Chocó – Eje Cafetero – Tolima (Cañón de las Garrapatas),Chocó,"Nóvita, San José del Palmar, Sipí, Medio y litoral San Juan",27250,El Litoral del San Juan
3.2,Chocó – Eje Cafetero – Tolima (Cañón de las Garrapatas),Valle del Cauca,"Bolívar, Trujillo, Riofrío, Roldanillo, El Dovio",76100,Bolívar
3.2,Chocó – Eje Cafetero – Tolima (Cañón de las Garrapatas),Valle del Cauca,"Bolívar, Trujillo, Riofrío, Roldanillo, El Dovio",76828,Trujillo
3.2,Chocó – Eje Cafetero – Tolima (Cañón de las Garrapatas),Valle del Cauca,"Bolívar, Trujillo, Riofrío, Roldanillo, El Dovio",76616,Riofrío
3.2,Chocó – Eje Cafetero – Tolima (Cañón de las Garrapatas),Valle del Cauca,"Bolívar, Trujillo, Riofrío, Roldanillo, El Dovio",76622,Roldanillo
3.2,Chocó – Eje Cafetero – Tolima (Cañón de las Garrapatas),Valle del Cauca,"Bolívar, Trujillo, Riofrío, Roldanillo, El Dovio",76250,El Dovio
3.2,Chocó – Eje Cafetero – Tolima (Cañón de las Garrapatas),Risaralda – Quindío,"La Celia, Apía, Balboa, Belén de Umbría, Génova",66383,La Celia
3.2,Chocó – Eje Cafetero – Tolima (Cañón de las Garrapatas),Risaralda – Quindío,"La Celia, Apía, Balboa, Belén de Umbría, Génova",66045,Apía
3.2,Chocó – Eje Cafetero – Tolima (Cañón de las Garrapatas),Risaralda – Quindío,"La Celia, Apía, Balboa, Belén de Umbría, Génova",66075,Balboa
3.2,Chocó – Eje Cafetero – Tolima (Cañón de las Garrapatas),Risaralda – Quindío,"La Celia, Apía, Balboa, Belén de Umbría, Génova",66088,Belén de Umbría
3.2,Chocó – Eje Cafetero – Tolima (Cañón de las Garrapatas),Risaralda – Quindío,"La Celia, Apía, Balboa, Belén de Umbría, Génova",63302,Génova
3.2,Chocó – Eje Cafetero – Tolima (Cañón de las Garrapatas),Tolima,"Líbano, Murillo, Venadillo, Mariquita",73411,Líbano
3.2,Chocó – Eje Cafetero – Tolima (Cañón de las Garrapatas),Tolima,"Líbano, Murillo, Venadillo, Mariquita",73461,Murillo
3.2,Chocó – Eje Cafetero – Tolima (Cañón de las Garrapatas),Tolima,"Líbano, Murillo, Venadillo, Mariquita",73861,Venadillo
3.2,Chocó – Eje Cafetero – Tolima (Cañón de las Garrapatas),Tolima,"Líbano, Murillo, Venadillo, Mariquita",73443,Mariquita
3.3,Bajo Cauca – Nordeste antioqueño – Magdalena Medio,Antioquia (Bajo Cauca),"Tarazá, Cáceres, Valdivia, Caucasia, Ituango, Briceño, Nechí",05790,Tarazá
3.3,Bajo Cauca – Nordeste antioqueño – Magdalena Medio,Antioquia (Bajo Cauca),"Tarazá, Cáceres, Valdivia, Caucasia, Ituango, Briceño, Nechí",05120,Cáceres
3.3,Bajo Cauca – Nordeste antioqueño – Magdalena Medio,Antioquia (Bajo Cauca),"Tarazá, Cáceres, Valdivia, Caucasia, Ituango, Briceño, Nechí",05854,Valdivia
3.3,Bajo Cauca – Nordeste antioqueño – Magdalena Medio,Antioquia (Bajo Cauca),"Tarazá, Cáceres, Valdivia, Caucasia, Ituango, Briceño, Nechí",05154,Caucasia
3.3,Bajo Cauca – Nordeste antioqueño – Magdalena Medio,Antioquia (Bajo Cauca),"Tarazá, Cáceres, Valdivia, Caucasia, Ituango, Briceño, Nechí",05361,Ituango
3.3,Bajo Cauca – Nordeste antioqueño – Magdalena Medio,Antioquia (Bajo Cauca),"Tarazá, Cáceres, Valdivia, Caucasia, Ituango, Briceño, Nechí",05107,Briceño
3.3,Bajo Cauca – Nordeste antioqueño – Magdalena Medio,Antioquia (Bajo Cauca),"Tarazá, Cáceres, Valdivia, Caucasia, Ituango, Briceño, Nechí",05495,Nechí
3.3,Bajo Cauca – Nordeste antioqueño – Magdalena Medio,Antioquia (Nordeste),"Segovia, Remedios, Amalfi, Anorí, El Bagre, Yondó, Zaragoza",05736,Segovia
3.3,Bajo Cauca – Nordeste antioqueño – Magdalena Medio,Antioquia (Nordeste),"Segovia, Remedios, Amalfi, Anorí, El Bagre, Yondó, Zaragoza",05604,Remedios
3.3,Bajo Cauca – Nordeste antioqueño – Magdalena Medio,Antioquia (Nordeste),"Segovia, Remedios, Amalfi, Anorí, El Bagre, Yondó, Zaragoza",05031,Amalfi
3.3,Bajo Cauca – Nordeste antioqueño – Magdalena Medio,Antioquia (Nordeste),"Segovia, Remedios, Amalfi, Anorí, El Bagre, Yondó, Zaragoza",05040,Anorí
3.3,Bajo Cauca – Nordeste antioqueño – Magdalena Medio,Antioquia (Nordeste),"Segovia, Remedios, Amalfi, Anorí, El Bagre, Yondó, Zaragoza",05250,El Bagre
3.3,Bajo Cauca – Nordeste antioqueño – Magdalena Medio,Antioquia (Nordeste),"Segovia, Remedios, Amalfi, Anorí, El Bagre, Yondó, Zaragoza",05893,Yondó
3.3,Bajo Cauca – Nordeste antioqueño – Magdalena Medio,Antioquia (Nordeste),"Segovia, Remedios, Amalfi, Anorí, El Bagre, Yondó, Zaragoza",05895,Zaragoza
3.3,Bajo Cauca – Nordeste antioqueño – Magdalena Medio,Bolívar (Magdalena Medio),"Santa Rosa del Sur, Morales, Arenal, Cantagallo, Simití.",13688,Santa Rosa del Sur
3.3,Bajo Cauca – Nordeste antioqueño – Magdalena Medio,Bolívar (Magdalena Medio),"Santa Rosa del Sur, Morales, Arenal, Cantagallo, Simití.",13473,Morales
3.3,Bajo Cauca – Nordeste antioqueño – Magdalena Medio,Bolívar (Magdalena Medio),"Santa Rosa del Sur, Morales, Arenal, Cantagallo, Simití.",13042,Arenal
3.3,Bajo Cauca – Nordeste antioqueño – Magdalena Medio,Bolívar (Magdalena Medio),"Santa Rosa del Sur, Morales, Arenal, Cantagallo, Simití.",13160,Cantagallo
3.3,Bajo Cauca – Nordeste antioqueño – Magdalena Medio,Bolívar (Magdalena Medio),"Santa Rosa del Sur, Morales, Arenal, Cantagallo, Simití.",13744,Simití
3.3,Bajo Cauca – Nordeste antioqueño – Magdalena Medio,Santander y Magdalena Medio,"Barrancabermeja, Yondó, Puerto Wilches",68081,Barrancabermeja
3.3,Bajo Cauca – Nordeste antioqueño – Magdalena Medio,Santander y Magdalena Medio,"Barrancabermeja, Yondó, Puerto Wilches",05893,Yondó
3.3,Bajo Cauca – Nordeste antioqueño – Magdalena Medio,Santander y Magdalena Medio,"Barrancabermeja, Yondó, Puerto Wilches",68575,Puerto Wilches
3.4,Sierra Nevada – La Guajira – Magdalena – Cesar (Caribe),Magdalena,"Santa Marta (zona rural), Ciénaga, Fundación, Sitionuevo y Pueblo Nuevo",47001,Santa Marta
3.4,Sierra Nevada – La Guajira – Magdalena – Cesar (Caribe),Magdalena,"Santa Marta (zona rural), Ciénaga, Fundación, Sitionuevo y Pueblo Nuevo",47189,Ciénaga
3.4,Sierra Nevada – La Guajira – Magdalena – Cesar (Caribe),Magdalena,"Santa Marta (zona rural), Ciénaga, Fundación, Sitionuevo y Pueblo Nuevo",47288,Fundación
3.4,Sierra Nevada – La Guajira – Magdalena – Cesar (Caribe),Magdalena,"Santa Marta (zona rural), Ciénaga, Fundación, Sitionuevo y Pueblo Nuevo",47745,Sitionuevo
3.4,Sierra Nevada – La Guajira – Magdalena – Cesar (Caribe),La Guajira,"Dibulla, Riohacha, Maicao (influencia)",44090,Dibulla
3.4,Sierra Nevada – La Guajira – Magdalena – Cesar (Caribe),La Guajira,"Dibulla, Riohacha, Maicao (influencia)",44001,Riohacha
3.4,Sierra Nevada – La Guajira – Magdalena – Cesar (Caribe),La Guajira,"Dibulla, Riohacha, Maicao (influencia)",44430,Maicao
3.4,Sierra Nevada – La Guajira – Magdalena – Cesar (Caribe),Cesar,"Valledupar, San Diego, La Paz",20001,Valledupar
3.4,Sierra Nevada – La Guajira – Magdalena – Cesar (Caribe),Cesar,"Valledupar, San Diego, La Paz",20750,San Diego
3.4,Sierra Nevada – La Guajira – Magdalena – Cesar (Caribe),Cesar,"Valledupar, San Diego, La Paz",20621,La Paz
3.5,Catatumbo – Norte de Santander – Frontera con Venezuela,Norte de Santander,"Tibú, El Tarra, Convención, Teorama, San Calixto, Hacarí",54810,Tibú
3.5,Catatumbo – Norte de Santander – Frontera con Venezuela,Norte de Santander,"Tibú, El Tarra, Convención, Teorama, San Calixto, Hacarí",54250,El Tarra
3.5,Catatumbo – Norte de Santander – Frontera con Venezuela,Norte de Santander,"Tibú, El Tarra, Convención, Teorama, San Calixto, Hacarí",54206,Convención
3.5,Catatumbo – Norte de Santander – Frontera con Venezuela,Norte de Santander,"Tibú, El Tarra, Convención, Teorama, San Calixto, Hacarí",54800,Teorama
3.5,Catatumbo – Norte de Santander – Frontera con Venezuela,Norte de Santander,"Tibú, El Tarra, Convención, Teorama, San Calixto, Hacarí",54670,San Calixto
3.5,Catatumbo – Norte de Santander – Frontera con Venezuela,Norte de Santander,"Tibú, El Tarra, Convención, Teorama, San Calixto, Hacarí",54344,Hacarí
3.5,Catatumbo – Norte de Santander – Frontera con Venezuela,Norte de Santander,"Puerto Santander, Cúcuta (rural)",54553,Puerto Santander
3.5,Catatumbo – Norte de Santander – Frontera con Venezuela,Norte de Santander,"Puerto Santander, Cúcuta (rural)",54001,San José de Cúcuta
3.6,Orinoquía – Casanare – Meta – Vichada – Frontera con Brasil/Venezuela,Casanare,"Paz de Ariporo, Orocué, Hato Corozal",85250,Paz de Ariporo
3.6,Orinoquía – Casanare – Meta – Vichada – Frontera con Brasil/Venezuela,Casanare,"Paz de Ariporo, Orocué, Hato Corozal",85230,Orocué
3.6,Orinoquía – Casanare – Meta – Vichada – Frontera con Brasil/Venezuela,Casanare,"Paz de Ariporo, Orocué, Hato Corozal",85125,Hato Corozal
3.6,Orinoquía – Casanare – Meta – Vichada – Frontera con Brasil/Venezuela,Meta,"Puerto Gaitán, Puerto López",50568,Puerto Gaitán
3.6,Orinoquía – Casanare – Meta – Vichada – Frontera con Brasil/Venezuela,Meta,"Puerto Gaitán, Puerto López",50573,Puerto López
3.6,Orinoquía – Casanare – Meta – Vichada – Frontera con Brasil/Venezuela,Vichada,"Cumaribo, La Primavera, Puerto Carreño",99773,Cumaribo
3.6,Orinoquía – Casanare – Meta – Vichada – Frontera con Brasil/Venezuela,Vichada,"Cumaribo, La Primavera, Puerto Carreño",99524,La Primavera
3.6,Orinoquía – Casanare – Meta – Vichada – Frontera con Brasil/Venezuela,Vichada,"Cumaribo, La Primavera, Puerto Carreño",99001,Puerto Carreño
3.7,Urabá – Tapón del Darién – Fronteras con Panamá y el Caribe,Antioquia,"Turbo, Apartadó, Necoclí, Carepa, Chigorodó",05837,Turbo
3.7,Urabá – Tapón del Darién – Fronteras con Panamá y el Caribe,Antioquia,"Turbo, Apartadó, Necoclí, Carepa, Chigorodó",05045,Apartadó
3.7,Urabá – Tapón del Darién – Fronteras con Panamá y el Caribe,Antioquia,"Turbo, Apartadó, Necoclí, Carepa, Chigorodó",05490,Necoclí
3.7,Urabá – Tapón del Darién – Fronteras con Panamá y el Caribe,Antioquia,"Turbo, Apartadó, Necoclí, Carepa, Chigorodó",05147,Carepa
3.7,Urabá – Tapón del Darién – Fronteras con Panamá y el Caribe,Antioquia,"Turbo, Apartadó, Necoclí, Carepa, Chigorodó",05172,Chigorodó
3.7,Urabá – Tapón del Darién – Fronteras con Panamá y el Caribe,Chocó,"Riosucio, Unguía, Acandí, Carmen del Darién, Quibdó",27615,Riosucio
3.7,Urabá – Tapón del Darién – Fronteras con Panamá y el Caribe,Chocó,"Riosucio, Unguía, Acandí, Carmen del Darién, Quibdó",27800,Unguía
3.7,Urabá – Tapón del Darién – Fronteras con Panamá y el Caribe,Chocó,"Riosucio, Unguía, Acandí, Carmen del Darién, Quibdó",27006,Acandí
3.7,Urabá – Tapón del Darién – Fronteras con Panamá y el Caribe,Chocó,"Riosucio, Unguía, Acandí, Carmen del Darién, Quibdó",27150,Carmen del Darién
3.7,Urabá – Tapón del Darién – Fronteras con Panamá y el Caribe,Chocó,"Riosucio, Unguía, Acandí, Carmen del Darién, Quibdó",27001,Quibdó
3.8,Tolima – Huila – Caguán – Caquetá – Guaviare,Tolima,"Planadas, Rioblanco, Chaparral",73555,Planadas
3.8,Tolima – Huila – Caguán – Caquetá – Guaviare,Tolima,"Planadas, Rioblanco, Chaparral",73616,Rioblanco
3.8,Tolima – Huila – Caguán – Caquetá – Guaviare,Tolima,"Planadas, Rioblanco, Chaparral",73168,Chaparral
3.8,Tolima – Huila – Caguán – Caquetá – Guaviare,Huila,"Algeciras, Colombia, Baraya",41020,Algeciras
3.8,Tolima – Huila – Caguán – Caquetá – Guaviare,Huila,"Algeciras, Colombia, Baraya",41206,Colombia
3.8,Tolima – Huila – Caguán – Caquetá – Guaviare,Huila,"Algeciras, Colombia, Baraya",41078,Baraya
3.8,Tolima – Huila – Caguán – Caquetá – Guaviare,Caquetá,"San Vicente del Caguán, Cartagena del Chairá",18753,San Vicente del Caguán
3.8,Tolima – Huila – Caguán – Caquetá – Guaviare,Caquetá,"San Vicente del Caguán, Cartagena del Chairá",18150,Cartagena del Chairá
3.8,Tolima – Huila – Caguán – Caquetá – Guaviare,Guaviare,"Calamar, El Retorno, San José del Guaviare",95015,Calamar
3.8,Tolima – Huila – Caguán – Caquetá – Guaviare,Guaviare,"Calamar, El Retorno, San José del Guaviare",95025,El Retorno
3.8,Tolima – Huila – Caguán – Caquetá – Guaviare,Guaviare,"Calamar, El Retorno, San José del Guaviare",95001,San José del Guaviare
3.9,Huila – Norte del Cauca – Costa Pacífica,Huila,"Algeciras, Colombia, Baraya",41020,Algeciras
3.9,Huila – Norte del Cauca – Costa Pacífica,Huila,"Algeciras, Colombia, Baraya",41206,Colombia
3.9,Huila – Norte del Cauca – Costa Pacífica,Huila,"Algeciras, Colombia, Baraya",41078,Baraya
3.9,Huila – Norte del Cauca – Costa Pacífica,Cauca,"Corinto, Toribío, Miranda, Jambaló, Caloto, Suárez, El Tambo, Argelia, Patía",19212,Corinto
3.9,Huila – Norte del Cauca – Costa Pacífica,Cauca,"Corinto, Toribío, Miranda, Jambaló, Caloto, Suárez, El Tambo, Argelia, Patía",19821,Toribío
3.9,Huila – Norte del Cauca – Costa Pacífica,Cauca,"Corinto, Toribío, Miranda, Jambaló, Caloto, Suárez, El Tambo, Argelia, Patía",19455,Miranda
3.9,Huila – Norte del Cauca – Costa Pacífica,Cauca,"Corinto, Toribío, Miranda, Jambaló, Caloto, Suárez, El Tambo, Argelia, Patía",19364,Jambaló
3.9,Huila – Norte del Cauca – Costa Pacífica,Cauca,"Corinto, Toribío, Miranda, Jambaló, Caloto, Suárez, El Tambo, Argelia, Patía",19142,Caloto
3.9,Huila – Norte del Cauca – Costa Pacífica,Cauca,"Corinto, Toribío, Miranda, Jambaló, Caloto, Suárez, El Tambo, Argelia, Patía",19780,Suárez
3.9,Huila – Norte del Cauca – Costa Pacífica,Cauca,"Corinto, Toribío, Miranda, Jambaló, Caloto, Suárez, El Tambo, Argelia, Patía",19256,El Tambo
3.9,Huila – Norte del Cauca – Costa Pacífica,Cauca,"Corinto, Toribío, Miranda, Jambaló, Caloto, Suárez, El Tambo, Argelia, Patía",19050,Argelia
3.9,Huila – Norte del Cauca – Costa Pacífica,Cauca,"Corinto, Toribío, Miranda, Jambaló, Caloto, Suárez, El Tambo, Argelia, Patía",19532,Patía
3.9,Huila – Norte del Cauca – Costa Pacífica,Cauca,"Buenos Aires, López de Micay, Timbiquí, Guapi",19110,Buenos Aires
3.9,Huila – Norte del Cauca – Costa Pacífica,Cauca,"Buenos Aires, López de Micay, Timbiquí, Guapi",19418,López de Micay
3.9,Huila – Norte del Cauca – Costa Pacífica,Cauca,"Buenos Aires, López de Micay, Timbiquí, Guapi",19809,Timbiquí
3.9,Huila – Norte del Cauca – Costa Pacífica,Cauca,"Buenos Aires, López de Micay, Timbiquí, Guapi",19318,Guapi
3.10,Chocó – Medio Atrato – Litoral Pacífico,Chocó,"Quibdó, Riosucio, Bojayá, Carmen del Darién",27001,Quibdó
3.10,Chocó – Medio Atrato – Litoral Pacífico,Chocó,"Quibdó, Riosucio, Bojayá, Carmen del Darién",27615,Riosucio
3.10,Chocó – Medio Atrato – Litoral Pacífico,Chocó,"Quibdó, Riosucio, Bojayá, Carmen del Darién",27099,Bojayá
3.10,Chocó – Medio Atrato – Litoral Pacífico,Chocó,"Quibdó, Riosucio, Bojayá, Carmen del Darién",27150,Carmen del Darién
3.10,Chocó – Medio Atrato – Litoral Pacífico,Chocó,"Bahía Solano, Nuquí, Juradó",27075,Bahía Solano
3.10,Chocó – Medio Atrato – Litoral Pacífico,Chocó,"Bahía Solano, Nuquí, Juradó",27495,Nuquí
3.10,Chocó – Medio Atrato – Litoral Pacífico,Chocó,"Bahía Solano, Nuquí, Juradó",27372,Juradó
3.10,Chocó – Medio Atrato – Litoral Pacífico,Chocó,"Medio Baudó, Bajo Baudó, Litoral del San Juan",27430,Medio Baudó
3.10,Chocó – Medio Atrato – Litoral Pacífico,Chocó,"Medio Baudó, Bajo Baudó, Litoral del San Juan",27077,Bajo Baudó
3.10,Chocó – Medio Atrato – Litoral Pacífico,Chocó,"Medio Baudó, Bajo Baudó, Litoral del San Juan",27250,El Litoral del San Juan
3.11,Arauca – Casanare – Vichada – Frontera binacional con Venezuela,Arauca,"Arauquita, Saravena, Tame, Fortul, Arauca",81065,Arauquita
3.11,Arauca – Casanare – Vichada – Frontera binacional con Venezuela,Arauca,"Arauquita, Saravena, Tame, Fortul, Arauca",81736,Saravena
3.11,Arauca – Casanare – Vichada – Frontera binacional con Venezuela,Arauca,"Arauquita, Saravena, Tame, Fortul, Arauca",81794,Tame
3.11,Arauca – Casanare – Vichada – Frontera binacional con Venezuela,Arauca,"Arauquita, Saravena, Tame, Fortul, Arauca",81300,Fortul
3.11,Arauca – Casanare – Vichada – Frontera binacional con Venezuela,Arauca,"Arauquita, Saravena, Tame, Fortul, Arauca",81001,Arauca
3.11,Arauca – Casanare – Vichada – Frontera binacional con Venezuela,Casanare,"Hato Corozal, Paz de Ariporo, La Salina",85125,Hato Corozal
3.11,Arauca – Casanare – Vichada – Frontera binacional con Venezuela,Casanare,"Hato Corozal, Paz de Ariporo, La Salina",85250,Paz de Ariporo
3.11,Arauca – Casanare – Vichada – Frontera binacional con Venezuela,Casanare,"Hato Corozal, Paz de Ariporo, La Salina",85136,La Salina
3.11,Arauca – Casanare – Vichada – Frontera binacional con Venezuela,Vichada,"Cumaribo, Santa Rita, Puerto Carreño",99773,Cumaribo
3.11,Arauca – Casanare – Vichada – Frontera binacional con Venezuela,Vichada,"Cumaribo, Santa Rita, Puerto Carreño",99001,Puerto Carreño
3.12,Norte de Santander – Cesar – Bolívar – Antioquia (corredor nororiental de expansión),Norte de Santander,"Tibú, Sardinata, El Tarra, Convención, Ocaña",54810,Tibú
3.12,Norte de Santander – Cesar – Bolívar – Antioquia (corredor nororiental de expansión),Norte de Santander,"Tibú, Sardinata, El Tarra, Convención, Ocaña",54720,Sardinata
3.12,Norte de Santander – Cesar – Bolívar – Antioquia (corredor nororiental de expansión),Norte de Santander,"Tibú, Sardinata, El Tarra, Convención, Ocaña",54250,El Tarra
3.12,Norte de Santander – Cesar – Bolívar – Antioquia (corredor nororiental de expansión),Norte de Santander,"Tibú, Sardinata, El Tarra, Convención, Ocaña",54206,Convención
3.12,Norte de Santander – Cesar – Bolívar – Antioquia (corredor nororiental de expansión),Norte de Santander,"Tibú, Sardinata, El Tarra, Convención, Ocaña",54498,Ocaña
3.12,Norte de Santander – Cesar – Bolívar – Antioquia (corredor nororiental de expansión),Cesar,"Aguachica, La Gloria, Pelaya, Río de Oro",20011,Aguachica
3.12,Norte de Santander – Cesar – Bolívar – Antioquia (corredor nororiental de expansión),Cesar,"Aguachica, La Gloria, Pelaya, Río de Oro",20383,La Gloria
3.12,Norte de Santander – Cesar – Bolívar – Antioquia (corredor nororiental de expansión),Cesar,"Aguachica, La Gloria, Pelaya, Río de Oro",20550,Pelaya
3.12,Norte de Santander – Cesar – Bolívar – Antioquia (corredor nororiental de expansión),Cesar,"Aguachica, La Gloria, Pelaya, Río de Oro",20614,Río de Oro
3.12,Norte de Santander – Cesar – Bolívar – Antioquia (corredor nororiental de expansión),Bolívar,"Morales, Santa Rosa, Arenal, Simití",13473,Morales
3.12,Norte de Santander – Cesar – Bolívar – Antioquia (corredor nororiental de expansión),Bolívar,"Morales, Santa Rosa, Arenal, Simití",13042,Arenal
3.12,Norte de Santander – Cesar – Bolívar – Antioquia (corredor nororiental de expansión),Bolívar,"Morales, Santa Rosa, Arenal, Simití",13744,Simití
3.12,Norte de Santander – Cesar – Bolívar – Antioquia (corredor nororiental de expansión),Antioquia,"Caucasia, Tarazá, El Bagre, Zaragoza",05154,Caucasia
3.12,Norte de Santander – Cesar – Bolívar – Antioquia (corredor nororiental de expansión),Antioquia,"Caucasia, Tarazá, El Bagre, Zaragoza",05790,Tarazá
3.12,Norte de Santander – Cesar – Bolívar – Antioquia (corredor nororiental de expansión),Antioquia,"Caucasia, Tarazá, El Bagre, Zaragoza",05250,El Bagre
3.12,Norte de Santander – Cesar – Bolívar – Antioquia (corredor nororiental de expansión),Antioquia,"Caucasia, Tarazá, El Bagre, Zaragoza",05895,Zaragoza
3.13,Costa Pacífica nariñense – caucana (incluyendo costa de Ecuador),Cauca,"Guapi, López de Micay, Timbiquí",19318,Guapi
3.13,Costa Pacífica nariñense – caucana (incluyendo costa de Ecuador),Cauca,"Guapi, López de Micay, Timbiquí",19418,López de Micay
3.13,Costa Pacífica nariñense – caucana (incluyendo costa de Ecuador),Cauca,"Guapi, López de Micay, Timbiquí",19809,Timbiquí
3.13,Costa Pacífica nariñense – caucana (incluyendo costa de Ecuador),Nariño,"Santa Bárbara, La Tola, El Charco, Olaya Herrera, Mosquera, Francisco Pizarro (Salahonda), Roberto Payán, Magüí Payán, Tumaco, Barbacoas",52696,Santa Bárbara
3.13,Costa Pacífica nariñense – caucana (incluyendo costa de Ecuador),Nariño,"Santa Bárbara, La Tola, El Charco, Olaya Herrera, Mosquera, Francisco Pizarro (Salahonda), Roberto Payán, Magüí Payán, Tumaco, Barbacoas",52390,La Tola
3.13,Costa Pacífica nariñense – caucana (incluyendo costa de Ecuador),Nariño,"Santa Bárbara, La Tola, El Charco, Olaya Herrera, Mosquera, Francisco Pizarro (Salahonda), Roberto Payán, Magüí Payán, Tumaco, Barbacoas",52250,El Charco
3.13,Costa Pacífica nariñense – caucana (incluyendo costa de Ecuador),Nariño,"Santa Bárbara, La Tola, El Charco, Olaya Herrera, Mosquera, Francisco Pizarro (Salahonda), Roberto Payán, Magüí Payán, Tumaco, Barbacoas",52490,Olaya Herrera
3.13,Costa Pacífica nariñense – caucana (incluyendo costa de Ecuador),Nariño,"Santa Bárbara, La Tola, El Charco, Olaya Herrera, Mosquera, Francisco Pizarro (Salahonda), Roberto Payán, Magüí Payán, Tumaco, Barbacoas",52473,Mosquera
3.13,Costa Pacífica nariñense – caucana (incluyendo costa de Ecuador),Nariño,"Santa Bárbara, La Tola, El Charco, Olaya Herrera, Mosquera, Francisco Pizarro (Salahonda), Roberto Payán, Magüí Payán, Tumaco, Barbacoas",52520,Francisco Pizarro
3.13,Costa Pacífica nariñense – caucana (incluyendo costa de Ecuador),Nariño,"Santa Bárbara, La Tola, El Charco, Olaya Herrera, Mosquera, Francisco Pizarro (Salahonda), Roberto Payán, Magüí Payán, Tumaco, Barbacoas",52621,Roberto Payán
3.13,Costa Pacífica nariñense – caucana (incluyendo costa de Ecuador),Nariño,"Santa Bárbara, La Tola, El Charco, Olaya Herrera, Mosquera, Francisco Pizarro (Salahonda), Roberto Payán, Magüí Payán, Tumaco, Barbacoas",52427,Magüí
3.13,Costa Pacífica nariñense – caucana (incluyendo costa de Ecuador),Nariño,"Santa Bárbara, La Tola, El Charco, Olaya Herrera, Mosquera, Francisco Pizarro (Salahonda), Roberto Payán, Magüí Payán, Tumaco, Barbacoas",52835,San Andrés de Tumaco
3.13,Costa Pacífica nariñense – caucana (incluyendo costa de Ecuador),Nariño,"Santa Bárbara, La Tola, El Charco, Olaya Herrera, Mosquera, Francisco Pizarro (Salahonda), Roberto Payán, Magüí Payán, Tumaco, Barbacoas",52079,Barbacoas
