cod_divipola,anio,grupo_original,grupo
05001,2025,GUERRILLA | DISIDENCIA FARC,FARC disidencias (sin distinguir estructura)
05001,2025,GUERRILLA | ELN,ELN
05031,2024,GRUPO POSDESMOVILIZACIÓN | URABEÑOS/AUTODEFENSAS GAITANISTAS DE COLOMBIA/ÁGUILAS NEGRAS/CLAN ÚSUGA,EGC (Clan del Golfo)
05031,2024,GUERRILLA | DISIDENCIA FARC,FARC disidencias (sin distinguir estructura)
05031,2024,GUERRILLA | ELN,ELN
05031,2025,GUERRILLA | DISIDENCIA FARC,FARC disidencias (sin distinguir estructura)
05031,2026,GRUPO POSDESMOVILIZACIÓN | URABEÑOS/AUTODEFENSAS GAITANISTAS DE COLOMBIA/ÁGUILAS NEGRAS/CLAN ÚSUGA,EGC (Clan del Golfo)
05034,2025,GRUPO POSDESMOVILIZACIÓN | URABEÑOS/AUTODEFENSAS GAITANISTAS DE COLOMBIA/ÁGUILAS NEGRAS/CLAN ÚSUGA,EGC (Clan del Golfo)
05034,2026,GRUPO POSDESMOVILIZACIÓN | URABEÑOS/AUTODEFENSAS GAITANISTAS DE COLOMBIA/ÁGUILAS NEGRAS/CLAN ÚSUGA,EGC (Clan del Golfo)
05038,2025,GUERRILLA | DISIDENCIA FARC,FARC disidencias (sin distinguir estructura)
05040,2023,GUERRILLA | DISIDENCIA FARC,FARC disidencias (sin distinguir estructura)
05040,2024,GRUPO POSDESMOVILIZACIÓN | URABEÑOS/AUTODEFENSAS GAITANISTAS DE COLOMBIA/ÁGUILAS NEGRAS/CLAN ÚSUGA,EGC (Clan del Golfo)
05040,2024,GUERRILLA | DISIDENCIA FARC,FARC disidencias (sin distinguir estructura)
05040,2024,GUERRILLA | ELN,ELN
05040,2025,GRUPO POSDESMOVILIZACIÓN | URABEÑOS/AUTODEFENSAS GAITANISTAS DE COLOMBIA/ÁGUILAS NEGRAS/CLAN ÚSUGA,EGC (Clan del Golfo)
05040,2025,GUERRILLA | DISIDENCIA FARC,FARC disidencias (sin distinguir estructura)
05040,2026,GUERRILLA | DISIDENCIA FARC,FARC disidencias (sin distinguir estructura)
05042,2023,GRUPO POSDESMOVILIZACIÓN | URABEÑOS/AUTODEFENSAS GAITANISTAS DE COLOMBIA/ÁGUILAS NEGRAS/CLAN ÚSUGA,EGC (Clan del Golfo)
05045,2024,GRUPO POSDESMOVILIZACIÓN | URABEÑOS/AUTODEFENSAS GAITANISTAS DE COLOMBIA/ÁGUILAS NEGRAS/CLAN ÚSUGA,EGC (Clan del Golfo)
05051,2023,GRUPO POSDESMOVILIZACIÓN | URABEÑOS/AUTODEFENSAS GAITANISTAS DE COLOMBIA/ÁGUILAS NEGRAS/CLAN ÚSUGA,EGC (Clan del Golfo)
05079,2025,GUERRILLA | ELN,ELN
05088,2025,GUERRILLA | DISIDENCIA FARC,FARC disidencias (sin distinguir estructura)
05093,2024,GRUPO POSDESMOVILIZACIÓN | URABEÑOS/AUTODEFENSAS GAITANISTAS DE COLOMBIA/ÁGUILAS NEGRAS/CLAN ÚSUGA,EGC (Clan del Golfo)
05107,2023,GRUPO POSDESMOVILIZACIÓN | URABEÑOS/AUTODEFENSAS GAITANISTAS DE COLOMBIA/ÁGUILAS NEGRAS/CLAN ÚSUGA,EGC (Clan del Golfo)
05107,2023,GUERRILLA | DISIDENCIA FARC,FARC disidencias (sin distinguir estructura)
05107,2024,GRUPO POSDESMOVILIZACIÓN | URABEÑOS/AUTODEFENSAS GAITANISTAS DE COLOMBIA/ÁGUILAS NEGRAS/CLAN ÚSUGA,EGC (Clan del Golfo)
05107,2024,GUERRILLA | DISIDENCIA FARC,FARC disidencias (sin distinguir estructura)
05107,2025,GRUPO POSDESMOVILIZACIÓN | URABEÑOS/AUTODEFENSAS GAITANISTAS DE COLOMBIA/ÁGUILAS NEGRAS/CLAN ÚSUGA,EGC (Clan del Golfo)
05107,2025,GUERRILLA | DISIDENCIA FARC,FARC disidencias (sin distinguir estructura)
05107,2026,GRUPO POSDESMOVILIZACIÓN | URABEÑOS/AUTODEFENSAS GAITANISTAS DE COLOMBIA/ÁGUILAS NEGRAS/CLAN ÚSUGA,EGC (Clan del Golfo)
05107,2026,GUERRILLA | DISIDENCIA FARC,FARC disidencias (sin distinguir estructura)
05113,2024,GRUPO POSDESMOVILIZACIÓN | URABEÑOS/AUTODEFENSAS GAITANISTAS DE COLOMBIA/ÁGUILAS NEGRAS/CLAN ÚSUGA,EGC (Clan del Golfo)
05113,2025,GRUPO POSDESMOVILIZACIÓN | URABEÑOS/AUTODEFENSAS GAITANISTAS DE COLOMBIA/ÁGUILAS NEGRAS/CLAN ÚSUGA,EGC (Clan del Golfo)
05120,2023,GRUPO POSDESMOVILIZACIÓN | URABEÑOS/AUTODEFENSAS GAITANISTAS DE COLOMBIA/ÁGUILAS NEGRAS/CLAN ÚSUGA,EGC (Clan del Golfo)
05120,2023,GUERRILLA | DISIDENCIA FARC,FARC disidencias (sin distinguir estructura)
05120,2023,GUERRILLA | ELN,ELN
05120,2024,GRUPO POSDESMOVILIZACIÓN | URABEÑOS/AUTODEFENSAS GAITANISTAS DE COLOMBIA/ÁGUILAS NEGRAS/CLAN ÚSUGA,EGC (Clan del Golfo)
05120,2024,GUERRILLA | DISIDENCIA FARC,FARC disidencias (sin distinguir estructura)
05120,2024,GUERRILLA | ELN,ELN
05120,2025,GRUPO POSDESMOVILIZACIÓN | URABEÑOS/AUTODEFENSAS GAITANISTAS DE COLOMBIA/ÁGUILAS NEGRAS/CLAN ÚSUGA,EGC (Clan del Golfo)
05125,2023,GRUPO POSDESMOVILIZACIÓN | URABEÑOS/AUTODEFENSAS GAITANISTAS DE COLOMBIA/ÁGUILAS NEGRAS/CLAN ÚSUGA,EGC (Clan del Golfo)
05129,2025,GUERRILLA | DISIDENCIA FARC,FARC disidencias (sin distinguir estructura)
05134,2023,GUERRILLA | DISIDENCIA FARC,FARC disidencias (sin distinguir estructura)
05138,2023,GRUPO POSDESMOVILIZACIÓN | URABEÑOS/AUTODEFENSAS GAITANISTAS DE COLOMBIA/ÁGUILAS NEGRAS/CLAN ÚSUGA,EGC (Clan del Golfo)
05138,2025,GRUPO POSDESMOVILIZACIÓN | URABEÑOS/AUTODEFENSAS GAITANISTAS DE COLOMBIA/ÁGUILAS NEGRAS/CLAN ÚSUGA,EGC (Clan del Golfo)
05154,2024,GRUPO POSDESMOVILIZACIÓN | URABEÑOS/AUTODEFENSAS GAITANISTAS DE COLOMBIA/ÁGUILAS NEGRAS/CLAN ÚSUGA,EGC (Clan del Golfo)
05172,2025,GRUPO POSDESMOVILIZACIÓN | URABEÑOS/AUTODEFENSAS GAITANISTAS DE COLOMBIA/ÁGUILAS NEGRAS/CLAN ÚSUGA,EGC (Clan del Golfo)
05197,2024,GRUPO POSDESMOVILIZACIÓN | URABEÑOS/AUTODEFENSAS GAITANISTAS DE COLOMBIA/ÁGUILAS NEGRAS/CLAN ÚSUGA,EGC (Clan del Golfo)
05234,2023,GRUPO POSDESMOVILIZACIÓN | URABEÑOS/AUTODEFENSAS GAITANISTAS DE COLOMBIA/ÁGUILAS NEGRAS/CLAN ÚSUGA,EGC (Clan del Golfo)
05234,2024,GRUPO POSDESMOVILIZACIÓN | URABEÑOS/AUTODEFENSAS GAITANISTAS DE COLOMBIA/ÁGUILAS NEGRAS/CLAN ÚSUGA,EGC (Clan del Golfo)
05234,2025,GRUPO POSDESMOVILIZACIÓN | URABEÑOS/AUTODEFENSAS GAITANISTAS DE COLOMBIA/ÁGUILAS NEGRAS/CLAN ÚSUGA,EGC (Clan del Golfo)
05240,2025,GRUPO POSDESMOVILIZACIÓN | URABEÑOS/AUTODEFENSAS GAITANISTAS DE COLOMBIA/ÁGUILAS NEGRAS/CLAN ÚSUGA,EGC (Clan del Golfo)
05250,2023,GRUPO POSDESMOVILIZACIÓN | URABEÑOS/AUTODEFENSAS GAITANISTAS DE COLOMBIA/ÁGUILAS NEGRAS/CLAN ÚSUGA,EGC (Clan del Golfo)
05250,2023,GUERRILLA | DISIDENCIA FARC,FARC disidencias (sin distinguir estructura)
05250,2023,GUERRILLA | ELN,ELN
05250,2024,GRUPO POSDESMOVILIZACIÓN | URABEÑOS/AUTODEFENSAS GAITANISTAS DE COLOMBIA/ÁGUILAS NEGRAS/CLAN ÚSUGA,EGC (Clan del Golfo)
05250,2024,GUERRILLA | ELN,ELN
05250,2025,GRUPO POSDESMOVILIZACIÓN | URABEÑOS/AUTODEFENSAS GAITANISTAS DE COLOMBIA/ÁGUILAS NEGRAS/CLAN ÚSUGA,EGC (Clan del Golfo)
05250,2025,GUERRILLA | DISIDENCIA FARC,FARC disidencias (sin distinguir estructura)
05250,2025,GUERRILLA | ELN,ELN
05284,2023,GRUPO POSDESMOVILIZACIÓN | URABEÑOS/AUTODEFENSAS GAITANISTAS DE COLOMBIA/ÁGUILAS NEGRAS/CLAN ÚSUGA,EGC (Clan del Golfo)
05284,2025,GRUPO POSDESMOVILIZACIÓN | URABEÑOS/AUTODEFENSAS GAITANISTAS DE COLOMBIA/ÁGUILAS NEGRAS/CLAN ÚSUGA,EGC (Clan del Golfo)
05313,2025,GRUPO POSDESMOVILIZACIÓN | URABEÑOS/AUTODEFENSAS GAITANISTAS DE COLOMBIA/ÁGUILAS NEGRAS/CLAN ÚSUGA,EGC (Clan del Golfo)
05361,2023,GRUPO POSDESMOVILIZACIÓN | URABEÑOS/AUTODEFENSAS GAITANISTAS DE COLOMBIA/ÁGUILAS NEGRAS/CLAN ÚSUGA,EGC (Clan del Golfo)
05361,2023,GUERRILLA | DISIDENCIA FARC,FARC disidencias (sin distinguir estructura)
05361,2025,GRUPO POSDESMOVILIZACIÓN | URABEÑOS/AUTODEFENSAS GAITANISTAS DE COLOMBIA/ÁGUILAS NEGRAS/CLAN ÚSUGA,EGC (Clan del Golfo)
05361,2025,GUERRILLA | DISIDENCIA FARC,FARC disidencias (sin distinguir estructura)
05368,2025,GRUPO POSDESMOVILIZACIÓN | URABEÑOS/AUTODEFENSAS GAITANISTAS DE COLOMBIA/ÁGUILAS NEGRAS/CLAN ÚSUGA,EGC (Clan del Golfo)
05480,2024,GRUPO POSDESMOVILIZACIÓN | URABEÑOS/AUTODEFENSAS GAITANISTAS DE COLOMBIA/ÁGUILAS NEGRAS/CLAN ÚSUGA,EGC (Clan del Golfo)
05480,2025,GRUPO POSDESMOVILIZACIÓN | URABEÑOS/AUTODEFENSAS GAITANISTAS DE COLOMBIA/ÁGUILAS NEGRAS/CLAN ÚSUGA,EGC (Clan del Golfo)
05483,2024,GRUPO POSDESMOVILIZACIÓN | URABEÑOS/AUTODEFENSAS GAITANISTAS DE COLOMBIA/ÁGUILAS NEGRAS/CLAN ÚSUGA,EGC (Clan del Golfo)
05490,2023,GRUPO POSDESMOVILIZACIÓN | URABEÑOS/AUTODEFENSAS GAITANISTAS DE COLOMBIA/ÁGUILAS NEGRAS/CLAN ÚSUGA,EGC (Clan del Golfo)
05495,2025,GRUPO POSDESMOVILIZACIÓN | URABEÑOS/AUTODEFENSAS GAITANISTAS DE COLOMBIA/ÁGUILAS NEGRAS/CLAN ÚSUGA,EGC (Clan del Golfo)
05495,2025,GUERRILLA | ELN,ELN
05576,2024,GRUPO POSDESMOVILIZACIÓN | URABEÑOS/AUTODEFENSAS GAITANISTAS DE COLOMBIA/ÁGUILAS NEGRAS/CLAN ÚSUGA,EGC (Clan del Golfo)
05604,2023,GUERRILLA | DISIDENCIA FARC,FARC disidencias (sin distinguir estructura)
05604,2024,GRUPO POSDESMOVILIZACIÓN | URABEÑOS/AUTODEFENSAS GAITANISTAS DE COLOMBIA/ÁGUILAS NEGRAS/CLAN ÚSUGA,EGC (Clan del Golfo)
05604,2024,GUERRILLA | DISIDENCIA FARC,FARC disidencias (sin distinguir estructura)
05604,2024,GUERRILLA | ELN,ELN
05604,2025,GRUPO POSDESMOVILIZACIÓN | URABEÑOS/AUTODEFENSAS GAITANISTAS DE COLOMBIA/ÁGUILAS NEGRAS/CLAN ÚSUGA,EGC (Clan del Golfo)
05604,2025,GUERRILLA | DISIDENCIA FARC,FARC disidencias (sin distinguir estructura)
05604,2025,GUERRILLA | ELN,ELN
05642,2024,GRUPO POSDESMOVILIZACIÓN | URABEÑOS/AUTODEFENSAS GAITANISTAS DE COLOMBIA/ÁGUILAS NEGRAS/CLAN ÚSUGA,EGC (Clan del Golfo)
05642,2025,GRUPO POSDESMOVILIZACIÓN | URABEÑOS/AUTODEFENSAS GAITANISTAS DE COLOMBIA/ÁGUILAS NEGRAS/CLAN ÚSUGA,EGC (Clan del Golfo)
05642,2025,GUERRILLA | ELN,ELN
05647,2023,GRUPO POSDESMOVILIZACIÓN | URABEÑOS/AUTODEFENSAS GAITANISTAS DE COLOMBIA/ÁGUILAS NEGRAS/CLAN ÚSUGA,EGC (Clan del Golfo)
05647,2024,GUERRILLA | DISIDENCIA FARC,FARC disidencias (sin distinguir estructura)
05647,2025,GRUPO POSDESMOVILIZACIÓN | URABEÑOS/AUTODEFENSAS GAITANISTAS DE COLOMBIA/ÁGUILAS NEGRAS/CLAN ÚSUGA,EGC (Clan del Golfo)
05647,2025,GUERRILLA | DISIDENCIA FARC,FARC disidencias (sin distinguir estructura)
05652,2024,GRUPO POSDESMOVILIZACIÓN | URABEÑOS/AUTODEFENSAS GAITANISTAS DE COLOMBIA/ÁGUILAS NEGRAS/CLAN ÚSUGA,EGC (Clan del Golfo)
05652,2025,GRUPO POSDESMOVILIZACIÓN | URABEÑOS/AUTODEFENSAS GAITANISTAS DE COLOMBIA/ÁGUILAS NEGRAS/CLAN ÚSUGA,EGC (Clan del Golfo)
05660,2025,GRUPO POSDESMOVILIZACIÓN | URABEÑOS/AUTODEFENSAS GAITANISTAS DE COLOMBIA/ÁGUILAS NEGRAS/CLAN ÚSUGA,EGC (Clan del Golfo)
05670,2023,GRUPO POSDESMOVILIZACIÓN | URABEÑOS/AUTODEFENSAS GAITANISTAS DE COLOMBIA/ÁGUILAS NEGRAS/CLAN ÚSUGA,EGC (Clan del Golfo)
05736,2023,GRUPO POSDESMOVILIZACIÓN | URABEÑOS/AUTODEFENSAS GAITANISTAS DE COLOMBIA/ÁGUILAS NEGRAS/CLAN ÚSUGA,EGC (Clan del Golfo)
05736,2023,GUERRILLA | DISIDENCIA FARC,FARC disidencias (sin distinguir estructura)
05736,2023,GUERRILLA | ELN,ELN
05736,2024,GRUPO POSDESMOVILIZACIÓN | URABEÑOS/AUTODEFENSAS GAITANISTAS DE COLOMBIA/ÁGUILAS NEGRAS/CLAN ÚSUGA,EGC (Clan del Golfo)
05736,2024,GUERRILLA | DISIDENCIA FARC,FARC disidencias (sin distinguir estructura)
05736,2024,GUERRILLA | ELN,ELN
05736,2025,GRUPO POSDESMOVILIZACIÓN | URABEÑOS/AUTODEFENSAS GAITANISTAS DE COLOMBIA/ÁGUILAS NEGRAS/CLAN ÚSUGA,EGC (Clan del Golfo)
05756,2025,GRUPO POSDESMOVILIZACIÓN | URABEÑOS/AUTODEFENSAS GAITANISTAS DE COLOMBIA/ÁGUILAS NEGRAS/CLAN ÚSUGA,EGC (Clan del Golfo)
05789,2025,GRUPO POSDESMOVILIZACIÓN | URABEÑOS/AUTODEFENSAS GAITANISTAS DE COLOMBIA/ÁGUILAS NEGRAS/CLAN ÚSUGA,EGC (Clan del Golfo)
05790,2023,GRUPO POSDESMOVILIZACIÓN | URABEÑOS/AUTODEFENSAS GAITANISTAS DE COLOMBIA/ÁGUILAS NEGRAS/CLAN ÚSUGA,EGC (Clan del Golfo)
05790,2024,GUERRILLA | DISIDENCIA FARC,FARC disidencias (sin distinguir estructura)
05790,2024,GUERRILLA | ELN,ELN
05790,2025,GRUPO POSDESMOVILIZACIÓN | URABEÑOS/AUTODEFENSAS GAITANISTAS DE COLOMBIA/ÁGUILAS NEGRAS/CLAN ÚSUGA,EGC (Clan del Golfo)
05790,2025,GUERRILLA | ELN,ELN
05809,2024,GRUPO POSDESMOVILIZACIÓN | URABEÑOS/AUTODEFENSAS GAITANISTAS DE COLOMBIA/ÁGUILAS NEGRAS/CLAN ÚSUGA,EGC (Clan del Golfo)
05819,2023,GUERRILLA | DISIDENCIA FARC,FARC disidencias (sin distinguir estructura)
05819,2024,GUERRILLA | DISIDENCIA FARC,FARC disidencias (sin distinguir estructura)
05819,2025,GRUPO POSDESMOVILIZACIÓN | URABEÑOS/AUTODEFENSAS GAITANISTAS DE COLOMBIA/ÁGUILAS NEGRAS/CLAN ÚSUGA,EGC (Clan del Golfo)
05837,2023,GRUPO POSDESMOVILIZACIÓN | URABEÑOS/AUTODEFENSAS GAITANISTAS DE COLOMBIA/ÁGUILAS NEGRAS/CLAN ÚSUGA,EGC (Clan del Golfo)
05837,2024,GRUPO POSDESMOVILIZACIÓN | URABEÑOS/AUTODEFENSAS GAITANISTAS DE COLOMBIA/ÁGUILAS NEGRAS/CLAN ÚSUGA,EGC (Clan del Golfo)
05837,2025,GRUPO POSDESMOVILIZACIÓN | URABEÑOS/AUTODEFENSAS GAITANISTAS DE COLOMBIA/ÁGUILAS NEGRAS/CLAN ÚSUGA,EGC (Clan del Golfo)
05847,2024,GRUPO POSDESMOVILIZACIÓN | URABEÑOS/AUTODEFENSAS GAITANISTAS DE COLOMBIA/ÁGUILAS NEGRAS/CLAN ÚSUGA,EGC (Clan del Golfo)
05847,2025,GRUPO POSDESMOVILIZACIÓN | URABEÑOS/AUTODEFENSAS GAITANISTAS DE COLOMBIA/ÁGUILAS NEGRAS/CLAN ÚSUGA,EGC (Clan del Golfo)
05847,2026,GRUPO POSDESMOVILIZACIÓN | URABEÑOS/AUTODEFENSAS GAITANISTAS DE COLOMBIA/ÁGUILAS NEGRAS/CLAN ÚSUGA,EGC (Clan del Golfo)
05854,2023,GRUPO POSDESMOVILIZACIÓN | URABEÑOS/AUTODEFENSAS GAITANISTAS DE COLOMBIA/ÁGUILAS NEGRAS/CLAN ÚSUGA,EGC (Clan del Golfo)
05854,2023,GUERRILLA | ELN,ELN
05854,2024,GRUPO POSDESMOVILIZACIÓN | URABEÑOS/AUTODEFENSAS GAITANISTAS DE COLOMBIA/ÁGUILAS NEGRAS/CLAN ÚSUGA,EGC (Clan del Golfo)
05854,2024,GUERRILLA | DISIDENCIA FARC,FARC disidencias (sin distinguir estructura)
05854,2024,GUERRILLA | ELN,ELN
05854,2025,GRUPO POSDESMOVILIZACIÓN | URABEÑOS/AUTODEFENSAS GAITANISTAS DE COLOMBIA/ÁGUILAS NEGRAS/CLAN ÚSUGA,EGC (Clan del Golfo)
05854,2025,GUERRILLA | DISIDENCIA FARC,FARC disidencias (sin distinguir estructura)
05854,2025,GUERRILLA | ELN,ELN
05854,2026,GUERRILLA | ELN,ELN
05858,2025,GRUPO POSDESMOVILIZACIÓN | URABEÑOS/AUTODEFENSAS GAITANISTAS DE COLOMBIA/ÁGUILAS NEGRAS/CLAN ÚSUGA,EGC (Clan del Golfo)
05887,2023,GRUPO POSDESMOVILIZACIÓN | URABEÑOS/AUTODEFENSAS GAITANISTAS DE COLOMBIA/ÁGUILAS NEGRAS/CLAN ÚSUGA,EGC (Clan del Golfo)
05887,2023,GUERRILLA | DISIDENCIA FARC,FARC disidencias (sin distinguir estructura)
05887,2023,GUERRILLA | ELN,ELN
05887,2024,GRUPO POSDESMOVILIZACIÓN | URABEÑOS/AUTODEFENSAS GAITANISTAS DE COLOMBIA/ÁGUILAS NEGRAS/CLAN ÚSUGA,EGC (Clan del Golfo)
05887,2024,GUERRILLA | DISIDENCIA FARC,FARC disidencias (sin distinguir estructura)
05887,2025,GUERRILLA | ELN,ELN
05890,2023,GRUPO POSDESMOVILIZACIÓN | URABEÑOS/AUTODEFENSAS GAITANISTAS DE COLOMBIA/ÁGUILAS NEGRAS/CLAN ÚSUGA,EGC (Clan del Golfo)
05890,2024,GRUPO POSDESMOVILIZACIÓN | URABEÑOS/AUTODEFENSAS GAITANISTAS DE COLOMBIA/ÁGUILAS NEGRAS/CLAN ÚSUGA,EGC (Clan del Golfo)
05893,2023,GUERRILLA | DISIDENCIA FARC,FARC disidencias (sin distinguir estructura)
05893,2023,GUERRILLA | ELN,ELN
05893,2024,GUERRILLA | DISIDENCIA FARC,FARC disidencias (sin distinguir estructura)
05893,2024,GUERRILLA | ELN,ELN
05893,2025,GRUPO POSDESMOVILIZACIÓN | URABEÑOS/AUTODEFENSAS GAITANISTAS DE COLOMBIA/ÁGUILAS NEGRAS/CLAN ÚSUGA,EGC (Clan del Golfo)
05893,2025,GUERRILLA | ELN,ELN
05895,2023,GUERRILLA | ELN,ELN
05895,2025,GRUPO POSDESMOVILIZACIÓN | URABEÑOS/AUTODEFENSAS GAITANISTAS DE COLOMBIA/ÁGUILAS NEGRAS/CLAN ÚSUGA,EGC (Clan del Golfo)
05895,2025,GUERRILLA | DISIDENCIA FARC,FARC disidencias (sin distinguir estructura)
05895,2025,GUERRILLA | ELN,ELN
08001,2023,GRUPO POSDESMOVILIZACIÓN | URABEÑOS/AUTODEFENSAS GAITANISTAS DE COLOMBIA/ÁGUILAS NEGRAS/CLAN ÚSUGA,EGC (Clan del Golfo)
08758,2023,GRUPO POSDESMOVILIZACIÓN | LOS RASTROJOS,Los Rastrojos
08758,2023,GRUPO POSDESMOVILIZACIÓN | URABEÑOS/AUTODEFENSAS GAITANISTAS DE COLOMBIA/ÁGUILAS NEGRAS/CLAN ÚSUGA,EGC (Clan del Golfo)
08832,2025,GRUPO POSDESMOVILIZACIÓN | URABEÑOS/AUTODEFENSAS GAITANISTAS DE COLOMBIA/ÁGUILAS NEGRAS/CLAN ÚSUGA,EGC (Clan del Golfo)
11001,2025,GUERRILLA | DISIDENCIA FARC,FARC disidencias (sin distinguir estructura)
13006,2024,GRUPO POSDESMOVILIZACIÓN | URABEÑOS/AUTODEFENSAS GAITANISTAS DE COLOMBIA/ÁGUILAS NEGRAS/CLAN ÚSUGA,EGC (Clan del Golfo)
13006,2025,GRUPO POSDESMOVILIZACIÓN | URABEÑOS/AUTODEFENSAS GAITANISTAS DE COLOMBIA/ÁGUILAS NEGRAS/CLAN ÚSUGA,EGC (Clan del Golfo)
13042,2023,GUERRILLA | ELN,ELN
13042,2024,GRUPO POSDESMOVILIZACIÓN | URABEÑOS/AUTODEFENSAS GAITANISTAS DE COLOMBIA/ÁGUILAS NEGRAS/CLAN ÚSUGA,EGC (Clan del Golfo)
13042,2024,GUERRILLA | DISIDENCIA FARC,FARC disidencias (sin distinguir estructura)
13042,2024,GUERRILLA | ELN,ELN
13042,2025,GRUPO POSDESMOVILIZACIÓN | URABEÑOS/AUTODEFENSAS GAITANISTAS DE COLOMBIA/ÁGUILAS NEGRAS/CLAN ÚSUGA,EGC (Clan del Golfo)
13042,2025,GUERRILLA | ELN,ELN
13160,2023,GRUPO POSDESMOVILIZACIÓN | URABEÑOS/AUTODEFENSAS GAITANISTAS DE COLOMBIA/ÁGUILAS NEGRAS/CLAN ÚSUGA,EGC (Clan del Golfo)
13160,2023,GUERRILLA | DISIDENCIA FARC,FARC disidencias (sin distinguir estructura)
13160,2024,GRUPO POSDESMOVILIZACIÓN | URABEÑOS/AUTODEFENSAS GAITANISTAS DE COLOMBIA/ÁGUILAS NEGRAS/CLAN ÚSUGA,EGC (Clan del Golfo)
13160,2025,GRUPO POSDESMOVILIZACIÓN | URABEÑOS/AUTODEFENSAS GAITANISTAS DE COLOMBIA/ÁGUILAS NEGRAS/CLAN ÚSUGA,EGC (Clan del Golfo)
13160,2025,GUERRILLA | DISIDENCIA FARC,FARC disidencias (sin distinguir estructura)
13244,2023,GRUPO POSDESMOVILIZACIÓN | URABEÑOS/AUTODEFENSAS GAITANISTAS DE COLOMBIA/ÁGUILAS NEGRAS/CLAN ÚSUGA,EGC (Clan del Golfo)
13433,2025,GRUPO POSDESMOVILIZACIÓN | URABEÑOS/AUTODEFENSAS GAITANISTAS DE COLOMBIA/ÁGUILAS NEGRAS/CLAN ÚSUGA,EGC (Clan del Golfo)
13458,2023,GRUPO POSDESMOVILIZACIÓN | URABEÑOS/AUTODEFENSAS GAITANISTAS DE COLOMBIA/ÁGUILAS NEGRAS/CLAN ÚSUGA,EGC (Clan del Golfo)
13458,2023,GUERRILLA | ELN,ELN
13458,2024,GRUPO POSDESMOVILIZACIÓN | URABEÑOS/AUTODEFENSAS GAITANISTAS DE COLOMBIA/ÁGUILAS NEGRAS/CLAN ÚSUGA,EGC (Clan del Golfo)
13458,2024,GUERRILLA | DISIDENCIA FARC,FARC disidencias (sin distinguir estructura)
13458,2024,GUERRILLA | ELN,ELN
13458,2025,GRUPO POSDESMOVILIZACIÓN | URABEÑOS/AUTODEFENSAS GAITANISTAS DE COLOMBIA/ÁGUILAS NEGRAS/CLAN ÚSUGA,EGC (Clan del Golfo)
13458,2025,GUERRILLA | DISIDENCIA FARC,FARC disidencias (sin distinguir estructura)
13458,2025,GUERRILLA | ELN,ELN
13473,2023,GUERRILLA | DISIDENCIA FARC,FARC disidencias (sin distinguir estructura)
13473,2023,GUERRILLA | ELN,ELN
13473,2024,GRUPO POSDESMOVILIZACIÓN | URABEÑOS/AUTODEFENSAS GAITANISTAS DE COLOMBIA/ÁGUILAS NEGRAS/CLAN ÚSUGA,EGC (Clan del Golfo)
13473,2024,GUERRILLA | DISIDENCIA FARC,FARC disidencias (sin distinguir estructura)
13473,2024,GUERRILLA | ELN,ELN
13473,2025,GUERRILLA | DISIDENCIA FARC,FARC disidencias (sin distinguir estructura)
13473,2025,GUERRILLA | ELN,ELN
13490,2024,GRUPO POSDESMOVILIZACIÓN | URABEÑOS/AUTODEFENSAS GAITANISTAS DE COLOMBIA/ÁGUILAS NEGRAS/CLAN ÚSUGA,EGC (Clan del Golfo)
13490,2024,GUERRILLA | ELN,ELN
13490,2025,GRUPO POSDESMOVILIZACIÓN | URABEÑOS/AUTODEFENSAS GAITANISTAS DE COLOMBIA/ÁGUILAS NEGRAS/CLAN ÚSUGA,EGC (Clan del Golfo)
13490,2025,GUERRILLA | DISIDENCIA FARC,FARC disidencias (sin distinguir estructura)
13549,2023,GRUPO POSDESMOVILIZACIÓN | URABEÑOS/AUTODEFENSAS GAITANISTAS DE COLOMBIA/ÁGUILAS NEGRAS/CLAN ÚSUGA,EGC (Clan del Golfo)
13600,2024,GRUPO POSDESMOVILIZACIÓN | URABEÑOS/AUTODEFENSAS GAITANISTAS DE COLOMBIA/ÁGUILAS NEGRAS/CLAN ÚSUGA,EGC (Clan del Golfo)
13600,2024,GUERRILLA | ELN,ELN
13650,2024,GRUPO POSDESMOVILIZACIÓN | URABEÑOS/AUTODEFENSAS GAITANISTAS DE COLOMBIA/ÁGUILAS NEGRAS/CLAN ÚSUGA,EGC (Clan del Golfo)
13655,2023,GRUPO POSDESMOVILIZACIÓN | URABEÑOS/AUTODEFENSAS GAITANISTAS DE COLOMBIA/ÁGUILAS NEGRAS/CLAN ÚSUGA,EGC (Clan del Golfo)
13655,2024,GRUPO POSDESMOVILIZACIÓN | URABEÑOS/AUTODEFENSAS GAITANISTAS DE COLOMBIA/ÁGUILAS NEGRAS/CLAN ÚSUGA,EGC (Clan del Golfo)
13655,2024,GUERRILLA | ELN,ELN
13670,2024,GRUPO POSDESMOVILIZACIÓN | URABEÑOS/AUTODEFENSAS GAITANISTAS DE COLOMBIA/ÁGUILAS NEGRAS/CLAN ÚSUGA,EGC (Clan del Golfo)
13670,2024,GUERRILLA | ELN,ELN
13670,2025,GUERRILLA | ELN,ELN
13683,2025,GRUPO POSDESMOVILIZACIÓN | URABEÑOS/AUTODEFENSAS GAITANISTAS DE COLOMBIA/ÁGUILAS NEGRAS/CLAN ÚSUGA,EGC (Clan del Golfo)
13683,2025,GUERRILLA | DISIDENCIA FARC,FARC disidencias (sin distinguir estructura)
13683,2025,GUERRILLA | ELN,ELN
13688,2023,GUERRILLA | DISIDENCIA FARC,FARC disidencias (sin distinguir estructura)
13688,2023,GUERRILLA | ELN,ELN
13688,2024,GRUPO POSDESMOVILIZACIÓN | URABEÑOS/AUTODEFENSAS GAITANISTAS DE COLOMBIA/ÁGUILAS NEGRAS/CLAN ÚSUGA,EGC (Clan del Golfo)
13688,2024,GUERRILLA | DISIDENCIA FARC,FARC disidencias (sin distinguir estructura)
13688,2024,GUERRILLA | ELN,ELN
13688,2025,GRUPO POSDESMOVILIZACIÓN | URABEÑOS/AUTODEFENSAS GAITANISTAS DE COLOMBIA/ÁGUILAS NEGRAS/CLAN ÚSUGA,EGC (Clan del Golfo)
13688,2025,GUERRILLA | DISIDENCIA FARC,FARC disidencias (sin distinguir estructura)
13688,2025,GUERRILLA | ELN,ELN
13744,2023,GRUPO POSDESMOVILIZACIÓN | URABEÑOS/AUTODEFENSAS GAITANISTAS DE COLOMBIA/ÁGUILAS NEGRAS/CLAN ÚSUGA,EGC (Clan del Golfo)
13810,2025,GRUPO POSDESMOVILIZACIÓN | URABEÑOS/AUTODEFENSAS GAITANISTAS DE COLOMBIA/ÁGUILAS NEGRAS/CLAN ÚSUGA,EGC (Clan del Golfo)
13810,2025,GUERRILLA | ELN,ELN
13836,2025,GRUPO POSDESMOVILIZACIÓN | URABEÑOS/AUTODEFENSAS GAITANISTAS DE COLOMBIA/ÁGUILAS NEGRAS/CLAN ÚSUGA,EGC (Clan del Golfo)
13894,2023,GRUPO POSDESMOVILIZACIÓN | URABEÑOS/AUTODEFENSAS GAITANISTAS DE COLOMBIA/ÁGUILAS NEGRAS/CLAN ÚSUGA,EGC (Clan del Golfo)
15001,2025,GUERRILLA | ELN,ELN
15183,2025,GUERRILLA | ELN,ELN
15223,2024,GUERRILLA | ELN,ELN
15238,2023,GUERRILLA | DISIDENCIA FARC,FARC disidencias (sin distinguir estructura)
15248,2025,GUERRILLA | ELN,ELN
15806,2023,GUERRILLA | ELN,ELN
15832,2024,GUERRILLA | ELN,ELN
17442,2025,GUERRILLA | DISIDENCIA FARC,FARC disidencias (sin distinguir estructura)
18001,2023,GUERRILLA | DISIDENCIA FARC,FARC disidencias (sin distinguir estructura)
18001,2024,GUERRILLA | DISIDENCIA FARC,FARC disidencias (sin distinguir estructura)
18001,2025,GUERRILLA | DISIDENCIA FARC,FARC disidencias (sin distinguir estructura)
18094,2024,GUERRILLA | DISIDENCIA FARC,FARC disidencias (sin distinguir estructura)
18094,2025,GUERRILLA | DISIDENCIA FARC,FARC disidencias (sin distinguir estructura)
18150,2024,GUERRILLA | DISIDENCIA FARC,FARC disidencias (sin distinguir estructura)
18150,2025,GUERRILLA | DISIDENCIA FARC,FARC disidencias (sin distinguir estructura)
18150,2026,GUERRILLA | DISIDENCIA FARC,FARC disidencias (sin distinguir estructura)
18247,2023,GUERRILLA | DISIDENCIA FARC,FARC disidencias (sin distinguir estructura)
18247,2024,GUERRILLA | DISIDENCIA FARC,FARC disidencias (sin distinguir estructura)
18256,2024,GUERRILLA | DISIDENCIA FARC,FARC disidencias (sin distinguir estructura)
18592,2023,GUERRILLA | DISIDENCIA FARC,FARC disidencias (sin distinguir estructura)
18592,2024,GUERRILLA | DISIDENCIA FARC,FARC disidencias (sin distinguir estructura)
18592,2025,GUERRILLA | DISIDENCIA FARC,FARC disidencias (sin distinguir estructura)
18610,2024,GUERRILLA | DISIDENCIA FARC,FARC disidencias (sin distinguir estructura)
18753,2023,GUERRILLA | DISIDENCIA FARC,FARC disidencias (sin distinguir estructura)
18753,2024,GUERRILLA | DISIDENCIA FARC,FARC disidencias (sin distinguir estructura)
18753,2026,GUERRILLA | DISIDENCIA FARC,FARC disidencias (sin distinguir estructura)
18756,2024,GUERRILLA | DISIDENCIA FARC,FARC disidencias (sin distinguir estructura)
18756,2025,GUERRILLA | DISIDENCIA FARC,FARC disidencias (sin distinguir estructura)
19001,2023,GUERRILLA | DISIDENCIA FARC,FARC disidencias (sin distinguir estructura)
19001,2024,GUERRILLA | DISIDENCIA FARC,FARC disidencias (sin distinguir estructura)
19001,2025,GUERRILLA | DISIDENCIA FARC,FARC disidencias (sin distinguir estructura)
19001,2025,GUERRILLA | ELN,ELN
19022,2025,GUERRILLA | DISIDENCIA FARC,FARC disidencias (sin distinguir estructura)
19022,2025,GUERRILLA | ELN,ELN
19050,2023,GUERRILLA | DISIDENCIA FARC,FARC disidencias (sin distinguir estructura)
19050,2024,GRUPO POSDESMOVILIZACIÓN | URABEÑOS/AUTODEFENSAS GAITANISTAS DE COLOMBIA/ÁGUILAS NEGRAS/CLAN ÚSUGA,EGC (Clan del Golfo)
19050,2024,GUERRILLA | DISIDENCIA FARC,FARC disidencias (sin distinguir estructura)
19050,2024,GUERRILLA | ELN,ELN
19050,2025,GUERRILLA | DISIDENCIA ERG,Disidencia ERG
19050,2025,GUERRILLA | DISIDENCIA FARC,FARC disidencias (sin distinguir estructura)
19050,2025,GUERRILLA | ELN,ELN
19050,2026,GUERRILLA | DISIDENCIA FARC,FARC disidencias (sin distinguir estructura)
19075,2023,GUERRILLA | DISIDENCIA FARC,FARC disidencias (sin distinguir estructura)
19075,2024,GUERRILLA | DISIDENCIA FARC,FARC disidencias (sin distinguir estructura)
19075,2025,GUERRILLA | DISIDENCIA FARC,FARC disidencias (sin distinguir estructura)
19100,2023,GUERRILLA | ELN,ELN
19100,2024,GUERRILLA | ELN,ELN
19100,2025,GUERRILLA | DISIDENCIA FARC,FARC disidencias (sin distinguir estructura)
19100,2025,GUERRILLA | ELN,ELN
19110,2023,GUERRILLA | DISIDENCIA FARC,FARC disidencias (sin distinguir estructura)
19110,2024,GUERRILLA | DISIDENCIA FARC,FARC disidencias (sin distinguir estructura)
19110,2025,GUERRILLA | DISIDENCIA FARC,FARC disidencias (sin distinguir estructura)
19130,2023,GUERRILLA | DISIDENCIA FARC,FARC disidencias (sin distinguir estructura)
19130,2024,GUERRILLA | DISIDENCIA FARC,FARC disidencias (sin distinguir estructura)
19130,2025,GUERRILLA | DISIDENCIA FARC,FARC disidencias (sin distinguir estructura)
19137,2023,GUERRILLA | DISIDENCIA FARC,FARC disidencias (sin distinguir estructura)
19137,2023,GUERRILLA | ELN,ELN
19137,2024,GUERRILLA | DISIDENCIA FARC,FARC disidencias (sin distinguir estructura)
19137,2024,GUERRILLA | ELN,ELN
19137,2025,GUERRILLA | DISIDENCIA FARC,FARC disidencias (sin distinguir estructura)
19137,2025,GUERRILLA | ELN,ELN
19142,2023,GUERRILLA | DISIDENCIA FARC,FARC disidencias (sin distinguir estructura)
19142,2023,GUERRILLA | ELN,ELN
19142,2024,GUERRILLA | DISIDENCIA FARC,FARC disidencias (sin distinguir estructura)
19142,2025,GUERRILLA | DISIDENCIA FARC,FARC disidencias (sin distinguir estructura)
19212,2023,GUERRILLA | DISIDENCIA FARC,FARC disidencias (sin distinguir estructura)
19212,2023,GUERRILLA | ELN,ELN
19212,2024,GUERRILLA | DISIDENCIA FARC,FARC disidencias (sin distinguir estructura)
19212,2024,GUERRILLA | ELN,ELN
19212,2025,GUERRILLA | DISIDENCIA FARC,FARC disidencias (sin distinguir estructura)
19256,2023,GUERRILLA | DISIDENCIA FARC,FARC disidencias (sin distinguir estructura)
19256,2023,GUERRILLA | ELN,ELN
19256,2024,GUERRILLA | DISIDENCIA FARC,FARC disidencias (sin distinguir estructura)
19256,2024,GUERRILLA | ELN,ELN
19256,2025,GUERRILLA | DISIDENCIA FARC,FARC disidencias (sin distinguir estructura)
19290,2023,GUERRILLA | ELN,ELN
19300,2023,GUERRILLA | DISIDENCIA FARC,FARC disidencias (sin distinguir estructura)
19300,2025,GUERRILLA | DISIDENCIA FARC,FARC disidencias (sin distinguir estructura)
19318,2024,GUERRILLA | DISIDENCIA FARC,FARC disidencias (sin distinguir estructura)
19355,2023,GUERRILLA | DISIDENCIA FARC,FARC disidencias (sin distinguir estructura)
19355,2024,GUERRILLA | DISIDENCIA FARC,FARC disidencias (sin distinguir estructura)
19355,2024,GUERRILLA | ELN,ELN
19355,2025,GUERRILLA | DISIDENCIA FARC,FARC disidencias (sin distinguir estructura)
19355,2025,GUERRILLA | ELN,ELN
19364,2023,GUERRILLA | DISIDENCIA FARC,FARC disidencias (sin distinguir estructura)
19364,2023,GUERRILLA | ELN,ELN
19364,2024,GUERRILLA | DISIDENCIA FARC,FARC disidencias (sin distinguir estructura)
19364,2025,GUERRILLA | DISIDENCIA FARC,FARC disidencias (sin distinguir estructura)
19392,2024,GUERRILLA | DISIDENCIA FARC,FARC disidencias (sin distinguir estructura)
19397,2023,GUERRILLA | DISIDENCIA FARC,FARC disidencias (sin distinguir estructura)
19397,2023,GUERRILLA | ELN,ELN
19397,2024,GUERRILLA | DISIDENCIA FARC,FARC disidencias (sin distinguir estructura)
19397,2024,GUERRILLA | ELN,ELN
19397,2025,GUERRILLA | DISIDENCIA FARC,FARC disidencias (sin distinguir estructura)
19397,2025,GUERRILLA | ELN,ELN
19418,2023,GUERRILLA | DISIDENCIA FARC,FARC disidencias (sin distinguir estructura)
19418,2023,GUERRILLA | ELN,ELN
19418,2024,GUERRILLA | DISIDENCIA FARC,FARC disidencias (sin distinguir estructura)
19418,2025,GUERRILLA | DISIDENCIA FARC,FARC disidencias (sin distinguir estructura)
19450,2023,GUERRILLA | ELN,ELN
19450,2024,GUERRILLA | DISIDENCIA FARC,FARC disidencias (sin distinguir estructura)
19450,2025,GUERRILLA | ELN,ELN
19455,2023,GUERRILLA | DISIDENCIA FARC,FARC disidencias (sin distinguir estructura)
19455,2023,GUERRILLA | ELN,ELN
19455,2024,GUERRILLA | DISIDENCIA FARC,FARC disidencias (sin distinguir estructura)
19455,2025,GUERRILLA | DISIDENCIA FARC,FARC disidencias (sin distinguir estructura)
19473,2023,GUERRILLA | DISIDENCIA FARC,FARC disidencias (sin distinguir estructura)
19473,2024,GRUPO POSDESMOVILIZACIÓN | URABEÑOS/AUTODEFENSAS GAITANISTAS DE COLOMBIA/ÁGUILAS NEGRAS/CLAN ÚSUGA,EGC (Clan del Golfo)
19473,2024,GUERRILLA | DISIDENCIA FARC,FARC disidencias (sin distinguir estructura)
19473,2024,GUERRILLA | ELN,ELN
19473,2025,GUERRILLA | DISIDENCIA FARC,FARC disidencias (sin distinguir estructura)
19473,2025,GUERRILLA | ELN,ELN
19513,2024,GUERRILLA | DISIDENCIA FARC,FARC disidencias (sin distinguir estructura)
19513,2025,GUERRILLA | DISIDENCIA FARC,FARC disidencias (sin distinguir estructura)
19517,2023,GUERRILLA | DISIDENCIA FARC,FARC disidencias (sin distinguir estructura)
19517,2024,GRUPO POSDESMOVILIZACIÓN | URABEÑOS/AUTODEFENSAS GAITANISTAS DE COLOMBIA/ÁGUILAS NEGRAS/CLAN ÚSUGA,EGC (Clan del Golfo)
19517,2024,GUERRILLA | DISIDENCIA EPL,EPL
19517,2024,GUERRILLA | DISIDENCIA FARC,FARC disidencias (sin distinguir estructura)
19517,2024,GUERRILLA | ELN,ELN
19517,2025,GUERRILLA | DISIDENCIA FARC,FARC disidencias (sin distinguir estructura)
19532,2023,GUERRILLA | DISIDENCIA FARC,FARC disidencias (sin distinguir estructura)
19532,2024,GUERRILLA | DISIDENCIA FARC,FARC disidencias (sin distinguir estructura)
19532,2025,GUERRILLA | DISIDENCIA FARC,FARC disidencias (sin distinguir estructura)
19532,2025,GUERRILLA | ELN,ELN
19532,2026,GUERRILLA | DISIDENCIA FARC,FARC disidencias (sin distinguir estructura)
19548,2023,GUERRILLA | DISIDENCIA FARC,FARC disidencias (sin distinguir estructura)
19548,2024,GUERRILLA | DISIDENCIA FARC,FARC disidencias (sin distinguir estructura)
19548,2025,GUERRILLA | DISIDENCIA FARC,FARC disidencias (sin distinguir estructura)
19585,2024,GUERRILLA | DISIDENCIA FARC,FARC disidencias (sin distinguir estructura)
19622,2023,GUERRILLA | DISIDENCIA FARC,FARC disidencias (sin distinguir estructura)
19622,2025,GUERRILLA | ELN,ELN
19693,2025,GUERRILLA | DISIDENCIA FARC,FARC disidencias (sin distinguir estructura)
19693,2025,GUERRILLA | ELN,ELN
19698,2023,GUERRILLA | DISIDENCIA FARC,FARC disidencias (sin distinguir estructura)
19698,2023,GUERRILLA | ELN,ELN
19698,2024,GUERRILLA | DISIDENCIA FARC,FARC disidencias (sin distinguir estructura)
19698,2024,GUERRILLA | ELN,ELN
19698,2025,GUERRILLA | DISIDENCIA FARC,FARC disidencias (sin distinguir estructura)
19698,2025,GUERRILLA | ELN,ELN
19701,2023,GUERRILLA | ELN,ELN
19743,2023,GUERRILLA | DISIDENCIA FARC,FARC disidencias (sin distinguir estructura)
19743,2023,GUERRILLA | ELN,ELN
19743,2024,GUERRILLA | DISIDENCIA FARC,FARC disidencias (sin distinguir estructura)
19743,2024,GUERRILLA | ELN,ELN
19743,2025,GUERRILLA | DISIDENCIA FARC,FARC disidencias (sin distinguir estructura)
19743,2025,GUERRILLA | ELN,ELN
19780,2023,GUERRILLA | DISIDENCIA FARC,FARC disidencias (sin distinguir estructura)
19780,2024,GUERRILLA | DISIDENCIA FARC,FARC disidencias (sin distinguir estructura)
19780,2025,GUERRILLA | DISIDENCIA FARC,FARC disidencias (sin distinguir estructura)
19785,2023,GUERRILLA | ELN,ELN
19785,2024,GUERRILLA | ELN,ELN
19785,2025,GUERRILLA | DISIDENCIA FARC,FARC disidencias (sin distinguir estructura)
19785,2025,GUERRILLA | ELN,ELN
19807,2025,GUERRILLA | ELN,ELN
19809,2024,GUERRILLA | DISIDENCIA FARC,FARC disidencias (sin distinguir estructura)
19821,2023,GUERRILLA | DISIDENCIA FARC,FARC disidencias (sin distinguir estructura)
19821,2024,GUERRILLA | DISIDENCIA FARC,FARC disidencias (sin distinguir estructura)
19821,2024,GUERRILLA | ELN,ELN
19821,2025,GUERRILLA | DISIDENCIA FARC,FARC disidencias (sin distinguir estructura)
19824,2023,GUERRILLA | DISIDENCIA EPL,EPL
19824,2023,GUERRILLA | DISIDENCIA FARC,FARC disidencias (sin distinguir estructura)
19824,2023,GUERRILLA | ELN,ELN
19824,2024,GUERRILLA | DISIDENCIA FARC,FARC disidencias (sin distinguir estructura)
19824,2025,GUERRILLA | DISIDENCIA FARC,FARC disidencias (sin distinguir estructura)
19845,2025,GUERRILLA | DISIDENCIA FARC,FARC disidencias (sin distinguir estructura)
20001,2025,GRUPO POSDESMOVILIZACIÓN | URABEÑOS/AUTODEFENSAS GAITANISTAS DE COLOMBIA/ÁGUILAS NEGRAS/CLAN ÚSUGA,EGC (Clan del Golfo)
20011,2023,GRUPO POSDESMOVILIZACIÓN | URABEÑOS/AUTODEFENSAS GAITANISTAS DE COLOMBIA/ÁGUILAS NEGRAS/CLAN ÚSUGA,EGC (Clan del Golfo)
20011,2024,GUERRILLA | ELN,ELN
20032,2024,GRUPO POSDESMOVILIZACIÓN | URABEÑOS/AUTODEFENSAS GAITANISTAS DE COLOMBIA/ÁGUILAS NEGRAS/CLAN ÚSUGA,EGC (Clan del Golfo)
20175,2025,GUERRILLA | ELN,ELN
20178,2025,GUERRILLA | ELN,ELN
20228,2023,GUERRILLA | ELN,ELN
20238,2023,GRUPO POSDESMOVILIZACIÓN | URABEÑOS/AUTODEFENSAS GAITANISTAS DE COLOMBIA/ÁGUILAS NEGRAS/CLAN ÚSUGA,EGC (Clan del Golfo)
20238,2024,GRUPO POSDESMOVILIZACIÓN | URABEÑOS/AUTODEFENSAS GAITANISTAS DE COLOMBIA/ÁGUILAS NEGRAS/CLAN ÚSUGA,EGC (Clan del Golfo)
20295,2025,GUERRILLA | DISIDENCIA FARC,FARC disidencias (sin distinguir estructura)
20517,2025,GUERRILLA | ELN,ELN
20517,2026,GUERRILLA | ELN,ELN
20550,2025,GUERRILLA | DISIDENCIA FARC,FARC disidencias (sin distinguir estructura)
20550,2025,GUERRILLA | ELN,ELN
20614,2024,GUERRILLA | ELN,ELN
20614,2025,GRUPO POSDESMOVILIZACIÓN | URABEÑOS/AUTODEFENSAS GAITANISTAS DE COLOMBIA/ÁGUILAS NEGRAS/CLAN ÚSUGA,EGC (Clan del Golfo)
20614,2025,GUERRILLA | ELN,ELN
20621,2024,GUERRILLA | DISIDENCIA FARC,FARC disidencias (sin distinguir estructura)
20710,2024,GRUPO POSDESMOVILIZACIÓN | URABEÑOS/AUTODEFENSAS GAITANISTAS DE COLOMBIA/ÁGUILAS NEGRAS/CLAN ÚSUGA,EGC (Clan del Golfo)
20750,2024,GUERRILLA | ELN,ELN
23001,2023,GRUPO POSDESMOVILIZACIÓN | URABEÑOS/AUTODEFENSAS GAITANISTAS DE COLOMBIA/ÁGUILAS NEGRAS/CLAN ÚSUGA,EGC (Clan del Golfo)
23079,2025,GRUPO POSDESMOVILIZACIÓN | URABEÑOS/AUTODEFENSAS GAITANISTAS DE COLOMBIA/ÁGUILAS NEGRAS/CLAN ÚSUGA,EGC (Clan del Golfo)
23168,2025,GRUPO POSDESMOVILIZACIÓN | URABEÑOS/AUTODEFENSAS GAITANISTAS DE COLOMBIA/ÁGUILAS NEGRAS/CLAN ÚSUGA,EGC (Clan del Golfo)
23189,2023,GRUPO POSDESMOVILIZACIÓN | URABEÑOS/AUTODEFENSAS GAITANISTAS DE COLOMBIA/ÁGUILAS NEGRAS/CLAN ÚSUGA,EGC (Clan del Golfo)
23189,2025,GRUPO POSDESMOVILIZACIÓN | URABEÑOS/AUTODEFENSAS GAITANISTAS DE COLOMBIA/ÁGUILAS NEGRAS/CLAN ÚSUGA,EGC (Clan del Golfo)
23417,2023,GRUPO POSDESMOVILIZACIÓN | URABEÑOS/AUTODEFENSAS GAITANISTAS DE COLOMBIA/ÁGUILAS NEGRAS/CLAN ÚSUGA,EGC (Clan del Golfo)
23466,2025,GRUPO POSDESMOVILIZACIÓN | URABEÑOS/AUTODEFENSAS GAITANISTAS DE COLOMBIA/ÁGUILAS NEGRAS/CLAN ÚSUGA,EGC (Clan del Golfo)
23580,2023,GRUPO POSDESMOVILIZACIÓN | URABEÑOS/AUTODEFENSAS GAITANISTAS DE COLOMBIA/ÁGUILAS NEGRAS/CLAN ÚSUGA,EGC (Clan del Golfo)
23660,2025,GRUPO POSDESMOVILIZACIÓN | URABEÑOS/AUTODEFENSAS GAITANISTAS DE COLOMBIA/ÁGUILAS NEGRAS/CLAN ÚSUGA,EGC (Clan del Golfo)
23807,2023,GRUPO POSDESMOVILIZACIÓN | URABEÑOS/AUTODEFENSAS GAITANISTAS DE COLOMBIA/ÁGUILAS NEGRAS/CLAN ÚSUGA,EGC (Clan del Golfo)
23807,2024,GRUPO POSDESMOVILIZACIÓN | URABEÑOS/AUTODEFENSAS GAITANISTAS DE COLOMBIA/ÁGUILAS NEGRAS/CLAN ÚSUGA,EGC (Clan del Golfo)
23807,2025,GRUPO POSDESMOVILIZACIÓN | URABEÑOS/AUTODEFENSAS GAITANISTAS DE COLOMBIA/ÁGUILAS NEGRAS/CLAN ÚSUGA,EGC (Clan del Golfo)
27001,2023,GUERRILLA | DISIDENCIA FARC,FARC disidencias (sin distinguir estructura)
27001,2023,GUERRILLA | ELN,ELN
27001,2024,GRUPO POSDESMOVILIZACIÓN | URABEÑOS/AUTODEFENSAS GAITANISTAS DE COLOMBIA/ÁGUILAS NEGRAS/CLAN ÚSUGA,EGC (Clan del Golfo)
27001,2024,GUERRILLA | ELN,ELN
27006,2025,GRUPO POSDESMOVILIZACIÓN | URABEÑOS/AUTODEFENSAS GAITANISTAS DE COLOMBIA/ÁGUILAS NEGRAS/CLAN ÚSUGA,EGC (Clan del Golfo)
27025,2023,GRUPO POSDESMOVILIZACIÓN | URABEÑOS/AUTODEFENSAS GAITANISTAS DE COLOMBIA/ÁGUILAS NEGRAS/CLAN ÚSUGA,EGC (Clan del Golfo)
27025,2023,GUERRILLA | ELN,ELN
27025,2024,GRUPO POSDESMOVILIZACIÓN | URABEÑOS/AUTODEFENSAS GAITANISTAS DE COLOMBIA/ÁGUILAS NEGRAS/CLAN ÚSUGA,EGC (Clan del Golfo)
27075,2023,GRUPO POSDESMOVILIZACIÓN | URABEÑOS/AUTODEFENSAS GAITANISTAS DE COLOMBIA/ÁGUILAS NEGRAS/CLAN ÚSUGA,EGC (Clan del Golfo)
27075,2024,GRUPO POSDESMOVILIZACIÓN | URABEÑOS/AUTODEFENSAS GAITANISTAS DE COLOMBIA/ÁGUILAS NEGRAS/CLAN ÚSUGA,EGC (Clan del Golfo)
27077,2024,GUERRILLA | ELN,ELN
27160,2024,GRUPO POSDESMOVILIZACIÓN | URABEÑOS/AUTODEFENSAS GAITANISTAS DE COLOMBIA/ÁGUILAS NEGRAS/CLAN ÚSUGA,EGC (Clan del Golfo)
27160,2024,GUERRILLA | ELN,ELN
27245,2024,GUERRILLA | ELN,ELN
27250,2023,GUERRILLA | ELN,ELN
27250,2024,GUERRILLA | ELN,ELN
27250,2025,GUERRILLA | ELN,ELN
27361,2023,GRUPO POSDESMOVILIZACIÓN | URABEÑOS/AUTODEFENSAS GAITANISTAS DE COLOMBIA/ÁGUILAS NEGRAS/CLAN ÚSUGA,EGC (Clan del Golfo)
27361,2023,GUERRILLA | ELN,ELN
27361,2024,GRUPO POSDESMOVILIZACIÓN | URABEÑOS/AUTODEFENSAS GAITANISTAS DE COLOMBIA/ÁGUILAS NEGRAS/CLAN ÚSUGA,EGC (Clan del Golfo)
27361,2024,GUERRILLA | ELN,ELN
27372,2023,GRUPO POSDESMOVILIZACIÓN | URABEÑOS/AUTODEFENSAS GAITANISTAS DE COLOMBIA/ÁGUILAS NEGRAS/CLAN ÚSUGA,EGC (Clan del Golfo)
27372,2023,GUERRILLA | ELN,ELN
27413,2024,GRUPO POSDESMOVILIZACIÓN | URABEÑOS/AUTODEFENSAS GAITANISTAS DE COLOMBIA/ÁGUILAS NEGRAS/CLAN ÚSUGA,EGC (Clan del Golfo)
27430,2023,GRUPO POSDESMOVILIZACIÓN | URABEÑOS/AUTODEFENSAS GAITANISTAS DE COLOMBIA/ÁGUILAS NEGRAS/CLAN ÚSUGA,EGC (Clan del Golfo)
27450,2023,GRUPO POSDESMOVILIZACIÓN | URABEÑOS/AUTODEFENSAS GAITANISTAS DE COLOMBIA/ÁGUILAS NEGRAS/CLAN ÚSUGA,EGC (Clan del Golfo)
27450,2023,GUERRILLA | ELN,ELN
27450,2024,GRUPO POSDESMOVILIZACIÓN | URABEÑOS/AUTODEFENSAS GAITANISTAS DE COLOMBIA/ÁGUILAS NEGRAS/CLAN ÚSUGA,EGC (Clan del Golfo)
27450,2024,GUERRILLA | ELN,ELN
27450,2025,GRUPO POSDESMOVILIZACIÓN | URABEÑOS/AUTODEFENSAS GAITANISTAS DE COLOMBIA/ÁGUILAS NEGRAS/CLAN ÚSUGA,EGC (Clan del Golfo)
27450,2025,GUERRILLA | ELN,ELN
27491,2023,GRUPO POSDESMOVILIZACIÓN | URABEÑOS/AUTODEFENSAS GAITANISTAS DE COLOMBIA/ÁGUILAS NEGRAS/CLAN ÚSUGA,EGC (Clan del Golfo)
27491,2023,GUERRILLA | ELN,ELN
27491,2024,GRUPO POSDESMOVILIZACIÓN | URABEÑOS/AUTODEFENSAS GAITANISTAS DE COLOMBIA/ÁGUILAS NEGRAS/CLAN ÚSUGA,EGC (Clan del Golfo)
27491,2024,GUERRILLA | ELN,ELN
27491,2025,GRUPO POSDESMOVILIZACIÓN | URABEÑOS/AUTODEFENSAS GAITANISTAS DE COLOMBIA/ÁGUILAS NEGRAS/CLAN ÚSUGA,EGC (Clan del Golfo)
27495,2023,GRUPO POSDESMOVILIZACIÓN | URABEÑOS/AUTODEFENSAS GAITANISTAS DE COLOMBIA/ÁGUILAS NEGRAS/CLAN ÚSUGA,EGC (Clan del Golfo)
27580,2024,GUERRILLA | ELN,ELN
27580,2025,GRUPO POSDESMOVILIZACIÓN | URABEÑOS/AUTODEFENSAS GAITANISTAS DE COLOMBIA/ÁGUILAS NEGRAS/CLAN ÚSUGA,EGC (Clan del Golfo)
27580,2025,GUERRILLA | ELN,ELN
27615,2024,GRUPO POSDESMOVILIZACIÓN | URABEÑOS/AUTODEFENSAS GAITANISTAS DE COLOMBIA/ÁGUILAS NEGRAS/CLAN ÚSUGA,EGC (Clan del Golfo)
27660,2023,GUERRILLA | ELN,ELN
27660,2026,GUERRILLA | ELN,ELN
27745,2023,GRUPO POSDESMOVILIZACIÓN | URABEÑOS/AUTODEFENSAS GAITANISTAS DE COLOMBIA/ÁGUILAS NEGRAS/CLAN ÚSUGA,EGC (Clan del Golfo)
27745,2023,GUERRILLA | ELN,ELN
27745,2024,GRUPO POSDESMOVILIZACIÓN | URABEÑOS/AUTODEFENSAS GAITANISTAS DE COLOMBIA/ÁGUILAS NEGRAS/CLAN ÚSUGA,EGC (Clan del Golfo)
27745,2024,GUERRILLA | ELN,ELN
27745,2025,GUERRILLA | ELN,ELN
27787,2023,GUERRILLA | ELN,ELN
27787,2024,GUERRILLA | ELN,ELN
27787,2025,GUERRILLA | ELN,ELN
27800,2025,GRUPO POSDESMOVILIZACIÓN | URABEÑOS/AUTODEFENSAS GAITANISTAS DE COLOMBIA/ÁGUILAS NEGRAS/CLAN ÚSUGA,EGC (Clan del Golfo)
41001,2023,GUERRILLA | DISIDENCIA FARC,FARC disidencias (sin distinguir estructura)
41001,2024,GUERRILLA | DISIDENCIA FARC,FARC disidencias (sin distinguir estructura)
41001,2025,GUERRILLA | DISIDENCIA FARC,FARC disidencias (sin distinguir estructura)
41006,2023,GUERRILLA | DISIDENCIA FARC,FARC disidencias (sin distinguir estructura)
41006,2024,GUERRILLA | DISIDENCIA FARC,FARC disidencias (sin distinguir estructura)
41013,2024,GUERRILLA | DISIDENCIA FARC,FARC disidencias (sin distinguir estructura)
41020,2023,GUERRILLA | DISIDENCIA FARC,FARC disidencias (sin distinguir estructura)
41020,2024,GUERRILLA | DISIDENCIA FARC,FARC disidencias (sin distinguir estructura)
41020,2025,GUERRILLA | DISIDENCIA FARC,FARC disidencias (sin distinguir estructura)
41078,2025,GUERRILLA | DISIDENCIA FARC,FARC disidencias (sin distinguir estructura)
41132,2023,GUERRILLA | DISIDENCIA FARC,FARC disidencias (sin distinguir estructura)
41132,2024,GUERRILLA | DISIDENCIA FARC,FARC disidencias (sin distinguir estructura)
41206,2024,GUERRILLA | DISIDENCIA FARC,FARC disidencias (sin distinguir estructura)
41298,2024,GUERRILLA | DISIDENCIA FARC,FARC disidencias (sin distinguir estructura)
41306,2025,GUERRILLA | DISIDENCIA FARC,FARC disidencias (sin distinguir estructura)
41349,2023,GUERRILLA | DISIDENCIA FARC,FARC disidencias (sin distinguir estructura)
41349,2024,GUERRILLA | DISIDENCIA FARC,FARC disidencias (sin distinguir estructura)
41349,2025,GUERRILLA | DISIDENCIA FARC,FARC disidencias (sin distinguir estructura)
41357,2023,GUERRILLA | DISIDENCIA FARC,FARC disidencias (sin distinguir estructura)
41378,2023,GUERRILLA | DISIDENCIA FARC,FARC disidencias (sin distinguir estructura)
41378,2024,GUERRILLA | DISIDENCIA FARC,FARC disidencias (sin distinguir estructura)
41378,2025,GUERRILLA | DISIDENCIA FARC,FARC disidencias (sin distinguir estructura)
41396,2023,GUERRILLA | DISIDENCIA FARC,FARC disidencias (sin distinguir estructura)
41396,2024,GUERRILLA | DISIDENCIA FARC,FARC disidencias (sin distinguir estructura)
41396,2025,GUERRILLA | DISIDENCIA FARC,FARC disidencias (sin distinguir estructura)
41483,2024,GUERRILLA | DISIDENCIA FARC,FARC disidencias (sin distinguir estructura)
41524,2025,GUERRILLA | DISIDENCIA FARC,FARC disidencias (sin distinguir estructura)
41530,2024,GUERRILLA | DISIDENCIA FARC,FARC disidencias (sin distinguir estructura)
41548,2024,GUERRILLA | DISIDENCIA FARC,FARC disidencias (sin distinguir estructura)
41551,2024,GUERRILLA | DISIDENCIA FARC,FARC disidencias (sin distinguir estructura)
41676,2024,GUERRILLA | DISIDENCIA FARC,FARC disidencias (sin distinguir estructura)
41770,2024,GUERRILLA | DISIDENCIA FARC,FARC disidencias (sin distinguir estructura)
41797,2024,GUERRILLA | DISIDENCIA FARC,FARC disidencias (sin distinguir estructura)
41797,2025,GUERRILLA | DISIDENCIA FARC,FARC disidencias (sin distinguir estructura)
41799,2023,GUERRILLA | DISIDENCIA FARC,FARC disidencias (sin distinguir estructura)
44001,2023,GRUPO POSDESMOVILIZACIÓN | URABEÑOS/AUTODEFENSAS GAITANISTAS DE COLOMBIA/ÁGUILAS NEGRAS/CLAN ÚSUGA,EGC (Clan del Golfo)
44001,2024,GRUPO POSDESMOVILIZACIÓN | URABEÑOS/AUTODEFENSAS GAITANISTAS DE COLOMBIA/ÁGUILAS NEGRAS/CLAN ÚSUGA,EGC (Clan del Golfo)
44001,2025,GRUPO POSDESMOVILIZACIÓN | URABEÑOS/AUTODEFENSAS GAITANISTAS DE COLOMBIA/ÁGUILAS NEGRAS/CLAN ÚSUGA,EGC (Clan del Golfo)
44035,2025,GRUPO POSDESMOVILIZACIÓN | URABEÑOS/AUTODEFENSAS GAITANISTAS DE COLOMBIA/ÁGUILAS NEGRAS/CLAN ÚSUGA,EGC (Clan del Golfo)
44035,2025,GUERRILLA | ELN,ELN
44078,2023,GUERRILLA | ELN,ELN
44090,2024,GRUPO POSDESMOVILIZACIÓN | URABEÑOS/AUTODEFENSAS GAITANISTAS DE COLOMBIA/ÁGUILAS NEGRAS/CLAN ÚSUGA,EGC (Clan del Golfo)
44279,2025,GRUPO POSDESMOVILIZACIÓN | URABEÑOS/AUTODEFENSAS GAITANISTAS DE COLOMBIA/ÁGUILAS NEGRAS/CLAN ÚSUGA,EGC (Clan del Golfo)
44430,2025,GUERRILLA | ELN,ELN
44560,2024,GRUPO POSDESMOVILIZACIÓN | URABEÑOS/AUTODEFENSAS GAITANISTAS DE COLOMBIA/ÁGUILAS NEGRAS/CLAN ÚSUGA,EGC (Clan del Golfo)
44650,2023,GRUPO POSDESMOVILIZACIÓN | URABEÑOS/AUTODEFENSAS GAITANISTAS DE COLOMBIA/ÁGUILAS NEGRAS/CLAN ÚSUGA,EGC (Clan del Golfo)
44650,2025,GRUPO POSDESMOVILIZACIÓN | URABEÑOS/AUTODEFENSAS GAITANISTAS DE COLOMBIA/ÁGUILAS NEGRAS/CLAN ÚSUGA,EGC (Clan del Golfo)
44650,2026,GRUPO POSDESMOVILIZACIÓN | URABEÑOS/AUTODEFENSAS GAITANISTAS DE COLOMBIA/ÁGUILAS NEGRAS/CLAN ÚSUGA,EGC (Clan del Golfo)
44847,2025,GUERRILLA | ELN,ELN
44874,2025,GUERRILLA | ELN,ELN
47001,2023,GRUPO POSDESMOVILIZACIÓN | URABEÑOS/AUTODEFENSAS GAITANISTAS DE COLOMBIA/ÁGUILAS NEGRAS/CLAN ÚSUGA,EGC (Clan del Golfo)
47001,2025,GRUPO POSDESMOVILIZACIÓN | URABEÑOS/AUTODEFENSAS GAITANISTAS DE COLOMBIA/ÁGUILAS NEGRAS/CLAN ÚSUGA,EGC (Clan del Golfo)
47053,2024,GRUPO POSDESMOVILIZACIÓN | URABEÑOS/AUTODEFENSAS GAITANISTAS DE COLOMBIA/ÁGUILAS NEGRAS/CLAN ÚSUGA,EGC (Clan del Golfo)
47189,2024,GRUPO POSDESMOVILIZACIÓN | URABEÑOS/AUTODEFENSAS GAITANISTAS DE COLOMBIA/ÁGUILAS NEGRAS/CLAN ÚSUGA,EGC (Clan del Golfo)
47245,2023,GUERRILLA | ELN,ELN
47288,2023,GRUPO POSDESMOVILIZACIÓN | URABEÑOS/AUTODEFENSAS GAITANISTAS DE COLOMBIA/ÁGUILAS NEGRAS/CLAN ÚSUGA,EGC (Clan del Golfo)
47288,2024,GRUPO POSDESMOVILIZACIÓN | URABEÑOS/AUTODEFENSAS GAITANISTAS DE COLOMBIA/ÁGUILAS NEGRAS/CLAN ÚSUGA,EGC (Clan del Golfo)
47288,2025,GRUPO POSDESMOVILIZACIÓN | URABEÑOS/AUTODEFENSAS GAITANISTAS DE COLOMBIA/ÁGUILAS NEGRAS/CLAN ÚSUGA,EGC (Clan del Golfo)
47460,2023,GRUPO POSDESMOVILIZACIÓN | URABEÑOS/AUTODEFENSAS GAITANISTAS DE COLOMBIA/ÁGUILAS NEGRAS/CLAN ÚSUGA,EGC (Clan del Golfo)
47660,2026,GRUPO POSDESMOVILIZACIÓN | URABEÑOS/AUTODEFENSAS GAITANISTAS DE COLOMBIA/ÁGUILAS NEGRAS/CLAN ÚSUGA,EGC (Clan del Golfo)
47703,2024,GRUPO POSDESMOVILIZACIÓN | URABEÑOS/AUTODEFENSAS GAITANISTAS DE COLOMBIA/ÁGUILAS NEGRAS/CLAN ÚSUGA,EGC (Clan del Golfo)
47707,2025,GRUPO POSDESMOVILIZACIÓN | URABEÑOS/AUTODEFENSAS GAITANISTAS DE COLOMBIA/ÁGUILAS NEGRAS/CLAN ÚSUGA,EGC (Clan del Golfo)
47745,2025,GRUPO POSDESMOVILIZACIÓN | URABEÑOS/AUTODEFENSAS GAITANISTAS DE COLOMBIA/ÁGUILAS NEGRAS/CLAN ÚSUGA,EGC (Clan del Golfo)
50001,2023,GUERRILLA | DISIDENCIA FARC,FARC disidencias (sin distinguir estructura)
50001,2025,GUERRILLA | DISIDENCIA FARC,FARC disidencias (sin distinguir estructura)
50006,2024,GUERRILLA | DISIDENCIA FARC,FARC disidencias (sin distinguir estructura)
50251,2023,GUERRILLA | DISIDENCIA FARC,FARC disidencias (sin distinguir estructura)
50325,2023,GUERRILLA | DISIDENCIA FARC,FARC disidencias (sin distinguir estructura)
50325,2024,GUERRILLA | DISIDENCIA FARC,FARC disidencias (sin distinguir estructura)
50325,2025,GUERRILLA | DISIDENCIA FARC,FARC disidencias (sin distinguir estructura)
50330,2023,GUERRILLA | DISIDENCIA FARC,FARC disidencias (sin distinguir estructura)
50330,2024,GUERRILLA | DISIDENCIA FARC,FARC disidencias (sin distinguir estructura)
50330,2025,GUERRILLA | DISIDENCIA FARC,FARC disidencias (sin distinguir estructura)
50350,2023,GUERRILLA | DISIDENCIA FARC,FARC disidencias (sin distinguir estructura)
50350,2024,GUERRILLA | DISIDENCIA FARC,FARC disidencias (sin distinguir estructura)
50350,2025,GUERRILLA | DISIDENCIA FARC,FARC disidencias (sin distinguir estructura)
50370,2023,GUERRILLA | DISIDENCIA FARC,FARC disidencias (sin distinguir estructura)
50370,2024,GUERRILLA | DISIDENCIA FARC,FARC disidencias (sin distinguir estructura)
50370,2025,GUERRILLA | DISIDENCIA FARC,FARC disidencias (sin distinguir estructura)
50450,2023,GUERRILLA | DISIDENCIA FARC,FARC disidencias (sin distinguir estructura)
50450,2024,GUERRILLA | DISIDENCIA FARC,FARC disidencias (sin distinguir estructura)
50450,2025,GRUPO POSDESMOVILIZACIÓN | URABEÑOS/AUTODEFENSAS GAITANISTAS DE COLOMBIA/ÁGUILAS NEGRAS/CLAN ÚSUGA,EGC (Clan del Golfo)
50450,2025,GUERRILLA | DISIDENCIA FARC,FARC disidencias (sin distinguir estructura)
50568,2023,GUERRILLA | DISIDENCIA FARC,FARC disidencias (sin distinguir estructura)
50577,2023,GUERRILLA | DISIDENCIA FARC,FARC disidencias (sin distinguir estructura)
50577,2025,GUERRILLA | DISIDENCIA FARC,FARC disidencias (sin distinguir estructura)
50590,2023,GUERRILLA | DISIDENCIA FARC,FARC disidencias (sin distinguir estructura)
50590,2024,GUERRILLA | DISIDENCIA FARC,FARC disidencias (sin distinguir estructura)
50590,2025,GUERRILLA | DISIDENCIA FARC,FARC disidencias (sin distinguir estructura)
50683,2025,GUERRILLA | DISIDENCIA FARC,FARC disidencias (sin distinguir estructura)
50711,2023,GUERRILLA | DISIDENCIA FARC,FARC disidencias (sin distinguir estructura)
50711,2025,GUERRILLA | DISIDENCIA FARC,FARC disidencias (sin distinguir estructura)
50711,2026,GUERRILLA | DISIDENCIA FARC,FARC disidencias (sin distinguir estructura)
52001,2025,GUERRILLA | DISIDENCIA FARC,FARC disidencias (sin distinguir estructura)
52079,2024,GUERRILLA | DISIDENCIA FARC,FARC disidencias (sin distinguir estructura)
52079,2025,GUERRILLA | DISIDENCIA FARC,FARC disidencias (sin distinguir estructura)
52227,2025,GUERRILLA | DISIDENCIA FARC,FARC disidencias (sin distinguir estructura)
52233,2023,GUERRILLA | DISIDENCIA FARC,FARC disidencias (sin distinguir estructura)
52233,2024,GRUPO POSDESMOVILIZACIÓN | URABEÑOS/AUTODEFENSAS GAITANISTAS DE COLOMBIA/ÁGUILAS NEGRAS/CLAN ÚSUGA,EGC (Clan del Golfo)
52233,2024,GUERRILLA | DISIDENCIA FARC,FARC disidencias (sin distinguir estructura)
52233,2024,GUERRILLA | ELN,ELN
52233,2025,GUERRILLA | DISIDENCIA FARC,FARC disidencias (sin distinguir estructura)
52254,2025,GUERRILLA | DISIDENCIA FARC,FARC disidencias (sin distinguir estructura)
52256,2023,GUERRILLA | DISIDENCIA FARC,FARC disidencias (sin distinguir estructura)
52356,2025,GUERRILLA | DISIDENCIA FARC,FARC disidencias (sin distinguir estructura)
52385,2023,GUERRILLA | ELN,ELN
52385,2024,GUERRILLA | DISIDENCIA FARC,FARC disidencias (sin distinguir estructura)
52405,2024,GUERRILLA | DISIDENCIA FARC,FARC disidencias (sin distinguir estructura)
52405,2024,GUERRILLA | ELN,ELN
52405,2025,GUERRILLA | DISIDENCIA FARC,FARC disidencias (sin distinguir estructura)
52418,2023,GUERRILLA | ELN,ELN
52418,2024,GUERRILLA | DISIDENCIA FARC,FARC disidencias (sin distinguir estructura)
52418,2025,GUERRILLA | DISIDENCIA FARC,FARC disidencias (sin distinguir estructura)
52427,2024,GUERRILLA | DISIDENCIA FARC,FARC disidencias (sin distinguir estructura)
52427,2025,GUERRILLA | DISIDENCIA FARC,FARC disidencias (sin distinguir estructura)
52435,2023,GUERRILLA | ELN,ELN
52490,2024,GUERRILLA | DISIDENCIA FARC,FARC disidencias (sin distinguir estructura)
52540,2024,GUERRILLA | DISIDENCIA FARC,FARC disidencias (sin distinguir estructura)
52612,2023,GUERRILLA | DISIDENCIA FARC,FARC disidencias (sin distinguir estructura)
52612,2023,GUERRILLA | ELN,ELN
52612,2025,GUERRILLA | DISIDENCIA FARC,FARC disidencias (sin distinguir estructura)
52621,2023,GUERRILLA | DISIDENCIA FARC,FARC disidencias (sin distinguir estructura)
52621,2024,GUERRILLA | DISIDENCIA FARC,FARC disidencias (sin distinguir estructura)
52678,2023,GUERRILLA | DISIDENCIA FARC,FARC disidencias (sin distinguir estructura)
52678,2023,GUERRILLA | ELN,ELN
52696,2025,GUERRILLA | DISIDENCIA FARC,FARC disidencias (sin distinguir estructura)
52699,2023,GUERRILLA | DISIDENCIA FARC,FARC disidencias (sin distinguir estructura)
52699,2023,GUERRILLA | ELN,ELN
52835,2023,GUERRILLA | DISIDENCIA FARC,FARC disidencias (sin distinguir estructura)
52835,2023,GUERRILLA | ELN,ELN
52835,2024,GUERRILLA | DISIDENCIA FARC,FARC disidencias (sin distinguir estructura)
52835,2025,GUERRILLA | DISIDENCIA FARC,FARC disidencias (sin distinguir estructura)
52838,2023,GRUPO POSDESMOVILIZACIÓN | URABEÑOS/AUTODEFENSAS GAITANISTAS DE COLOMBIA/ÁGUILAS NEGRAS/CLAN ÚSUGA,EGC (Clan del Golfo)
54001,2023,GRUPO POSDESMOVILIZACIÓN | URABEÑOS/AUTODEFENSAS GAITANISTAS DE COLOMBIA/ÁGUILAS NEGRAS/CLAN ÚSUGA,EGC (Clan del Golfo)
54001,2023,GUERRILLA | ELN,ELN
54001,2024,GUERRILLA | DISIDENCIA FARC,FARC disidencias (sin distinguir estructura)
54001,2024,GUERRILLA | ELN,ELN
54001,2025,GUERRILLA | ELN,ELN
54003,2025,GUERRILLA | DISIDENCIA FARC,FARC disidencias (sin distinguir estructura)
54003,2025,GUERRILLA | ELN,ELN
54109,2024,GUERRILLA | ELN,ELN
54109,2025,GRUPO POSDESMOVILIZACIÓN | URABEÑOS/AUTODEFENSAS GAITANISTAS DE COLOMBIA/ÁGUILAS NEGRAS/CLAN ÚSUGA,EGC (Clan del Golfo)
54109,2025,GUERRILLA | DISIDENCIA FARC,FARC disidencias (sin distinguir estructura)
54109,2025,GUERRILLA | ELN,ELN
54206,2023,GUERRILLA | DISIDENCIA EPL,EPL
54206,2023,GUERRILLA | ELN,ELN
54206,2024,GUERRILLA | ELN,ELN
54206,2025,GUERRILLA | DISIDENCIA FARC,FARC disidencias (sin distinguir estructura)
54206,2025,GUERRILLA | ELN,ELN
54245,2023,GUERRILLA | ELN,ELN
54245,2024,GUERRILLA | ELN,ELN
54245,2025,GUERRILLA | ELN,ELN
54250,2023,GUERRILLA | DISIDENCIA FARC,FARC disidencias (sin distinguir estructura)
54250,2023,GUERRILLA | ELN,ELN
54250,2024,GUERRILLA | ELN,ELN
54250,2025,GUERRILLA | DISIDENCIA FARC,FARC disidencias (sin distinguir estructura)
54250,2025,GUERRILLA | ELN,ELN
54250,2026,GUERRILLA | ELN,ELN
54261,2023,GUERRILLA | ELN,ELN
54261,2024,GUERRILLA | DISIDENCIA FARC,FARC disidencias (sin distinguir estructura)
54344,2023,GUERRILLA | ELN,ELN
54344,2024,GUERRILLA | ELN,ELN
54344,2025,GUERRILLA | ELN,ELN
54385,2023,GRUPO POSDESMOVILIZACIÓN | URABEÑOS/AUTODEFENSAS GAITANISTAS DE COLOMBIA/ÁGUILAS NEGRAS/CLAN ÚSUGA,EGC (Clan del Golfo)
54398,2024,GUERRILLA | DISIDENCIA FARC,FARC disidencias (sin distinguir estructura)
54398,2024,GUERRILLA | ELN,ELN
54418,2025,GUERRILLA | ELN,ELN
54498,2023,GUERRILLA | ELN,ELN
54498,2024,GUERRILLA | DISIDENCIA FARC,FARC disidencias (sin distinguir estructura)
54498,2024,GUERRILLA | ELN,ELN
54498,2025,GUERRILLA | DISIDENCIA FARC,FARC disidencias (sin distinguir estructura)
54498,2025,GUERRILLA | ELN,ELN
54520,2025,GUERRILLA | ELN,ELN
54553,2025,GUERRILLA | ELN,ELN
54670,2023,GUERRILLA | DISIDENCIA FARC,FARC disidencias (sin distinguir estructura)
54670,2024,GUERRILLA | ELN,ELN
54673,2025,GUERRILLA | ELN,ELN
54680,2025,GUERRILLA | ELN,ELN
54720,2023,GUERRILLA | ELN,ELN
54720,2025,GUERRILLA | ELN,ELN
54800,2023,GUERRILLA | ELN,ELN
54800,2024,GUERRILLA | DISIDENCIA FARC,FARC disidencias (sin distinguir estructura)
54800,2024,GUERRILLA | ELN,ELN
54800,2025,GUERRILLA | DISIDENCIA FARC,FARC disidencias (sin distinguir estructura)
54800,2025,GUERRILLA | ELN,ELN
54810,2023,GUERRILLA | DISIDENCIA FARC,FARC disidencias (sin distinguir estructura)
54810,2023,GUERRILLA | ELN,ELN
54810,2024,GUERRILLA | DISIDENCIA FARC,FARC disidencias (sin distinguir estructura)
54810,2024,GUERRILLA | ELN,ELN
54810,2025,GUERRILLA | DISIDENCIA FARC,FARC disidencias (sin distinguir estructura)
54810,2025,GUERRILLA | ELN,ELN
54810,2026,GUERRILLA | DISIDENCIA FARC,FARC disidencias (sin distinguir estructura)
54810,2026,GUERRILLA | ELN,ELN
54820,2024,GUERRILLA | ELN,ELN
54874,2025,GUERRILLA | ELN,ELN
66088,2025,GRUPO POSDESMOVILIZACIÓN | URABEÑOS/AUTODEFENSAS GAITANISTAS DE COLOMBIA/ÁGUILAS NEGRAS/CLAN ÚSUGA,EGC (Clan del Golfo)
66170,2024,GUERRILLA | ELN,ELN
66318,2025,GRUPO POSDESMOVILIZACIÓN | URABEÑOS/AUTODEFENSAS GAITANISTAS DE COLOMBIA/ÁGUILAS NEGRAS/CLAN ÚSUGA,EGC (Clan del Golfo)
66456,2025,GRUPO POSDESMOVILIZACIÓN | URABEÑOS/AUTODEFENSAS GAITANISTAS DE COLOMBIA/ÁGUILAS NEGRAS/CLAN ÚSUGA,EGC (Clan del Golfo)
66572,2024,GUERRILLA | ELN,ELN
66572,2025,GUERRILLA | ELN,ELN
68081,2023,GRUPO POSDESMOVILIZACIÓN | URABEÑOS/AUTODEFENSAS GAITANISTAS DE COLOMBIA/ÁGUILAS NEGRAS/CLAN ÚSUGA,EGC (Clan del Golfo)
68081,2023,GUERRILLA | ELN,ELN
68081,2024,GRUPO POSDESMOVILIZACIÓN | URABEÑOS/AUTODEFENSAS GAITANISTAS DE COLOMBIA/ÁGUILAS NEGRAS/CLAN ÚSUGA,EGC (Clan del Golfo)
68081,2024,GUERRILLA | ELN,ELN
68081,2025,GUERRILLA | ELN,ELN
68167,2024,GUERRILLA | DISIDENCIA FARC,FARC disidencias (sin distinguir estructura)
68547,2025,GRUPO POSDESMOVILIZACIÓN | URABEÑOS/AUTODEFENSAS GAITANISTAS DE COLOMBIA/ÁGUILAS NEGRAS/CLAN ÚSUGA,EGC (Clan del Golfo)
68575,2024,GRUPO POSDESMOVILIZACIÓN | URABEÑOS/AUTODEFENSAS GAITANISTAS DE COLOMBIA/ÁGUILAS NEGRAS/CLAN ÚSUGA,EGC (Clan del Golfo)
68575,2024,GUERRILLA | DISIDENCIA FARC,FARC disidencias (sin distinguir estructura)
68655,2023,GRUPO POSDESMOVILIZACIÓN | URABEÑOS/AUTODEFENSAS GAITANISTAS DE COLOMBIA/ÁGUILAS NEGRAS/CLAN ÚSUGA,EGC (Clan del Golfo)
68689,2023,GRUPO POSDESMOVILIZACIÓN | URABEÑOS/AUTODEFENSAS GAITANISTAS DE COLOMBIA/ÁGUILAS NEGRAS/CLAN ÚSUGA,EGC (Clan del Golfo)
68689,2023,GUERRILLA | ELN,ELN
70001,2023,GRUPO POSDESMOVILIZACIÓN | URABEÑOS/AUTODEFENSAS GAITANISTAS DE COLOMBIA/ÁGUILAS NEGRAS/CLAN ÚSUGA,EGC (Clan del Golfo)
70001,2024,GRUPO POSDESMOVILIZACIÓN | URABEÑOS/AUTODEFENSAS GAITANISTAS DE COLOMBIA/ÁGUILAS NEGRAS/CLAN ÚSUGA,EGC (Clan del Golfo)
70001,2025,GRUPO POSDESMOVILIZACIÓN | URABEÑOS/AUTODEFENSAS GAITANISTAS DE COLOMBIA/ÁGUILAS NEGRAS/CLAN ÚSUGA,EGC (Clan del Golfo)
70221,2024,GRUPO POSDESMOVILIZACIÓN | URABEÑOS/AUTODEFENSAS GAITANISTAS DE COLOMBIA/ÁGUILAS NEGRAS/CLAN ÚSUGA,EGC (Clan del Golfo)
70230,2023,GRUPO POSDESMOVILIZACIÓN | URABEÑOS/AUTODEFENSAS GAITANISTAS DE COLOMBIA/ÁGUILAS NEGRAS/CLAN ÚSUGA,EGC (Clan del Golfo)
70233,2023,GRUPO POSDESMOVILIZACIÓN | URABEÑOS/AUTODEFENSAS GAITANISTAS DE COLOMBIA/ÁGUILAS NEGRAS/CLAN ÚSUGA,EGC (Clan del Golfo)
70235,2025,GRUPO POSDESMOVILIZACIÓN | URABEÑOS/AUTODEFENSAS GAITANISTAS DE COLOMBIA/ÁGUILAS NEGRAS/CLAN ÚSUGA,EGC (Clan del Golfo)
70473,2023,GRUPO POSDESMOVILIZACIÓN | URABEÑOS/AUTODEFENSAS GAITANISTAS DE COLOMBIA/ÁGUILAS NEGRAS/CLAN ÚSUGA,EGC (Clan del Golfo)
70823,2023,GRUPO POSDESMOVILIZACIÓN | URABEÑOS/AUTODEFENSAS GAITANISTAS DE COLOMBIA/ÁGUILAS NEGRAS/CLAN ÚSUGA,EGC (Clan del Golfo)
73067,2024,GUERRILLA | DISIDENCIA FARC,FARC disidencias (sin distinguir estructura)
73168,2024,GUERRILLA | DISIDENCIA FARC,FARC disidencias (sin distinguir estructura)
73168,2025,GUERRILLA | DISIDENCIA FARC,FARC disidencias (sin distinguir estructura)
73236,2024,GUERRILLA | DISIDENCIA FARC,FARC disidencias (sin distinguir estructura)
73461,2024,GUERRILLA | DISIDENCIA FARC,FARC disidencias (sin distinguir estructura)
73504,2025,GUERRILLA | DISIDENCIA FARC,FARC disidencias (sin distinguir estructura)
73555,2024,GUERRILLA | DISIDENCIA FARC,FARC disidencias (sin distinguir estructura)
73616,2023,GUERRILLA | DISIDENCIA FARC,FARC disidencias (sin distinguir estructura)
73616,2024,GUERRILLA | DISIDENCIA FARC,FARC disidencias (sin distinguir estructura)
73616,2025,GUERRILLA | DISIDENCIA FARC,FARC disidencias (sin distinguir estructura)
73624,2025,GUERRILLA | DISIDENCIA FARC,FARC disidencias (sin distinguir estructura)
73675,2023,GUERRILLA | DISIDENCIA FARC,FARC disidencias (sin distinguir estructura)
73675,2025,GUERRILLA | DISIDENCIA FARC,FARC disidencias (sin distinguir estructura)
76001,2024,GUERRILLA | DISIDENCIA FARC,FARC disidencias (sin distinguir estructura)
76001,2025,GUERRILLA | DISIDENCIA FARC,FARC disidencias (sin distinguir estructura)
76100,2023,GUERRILLA | DISIDENCIA FARC,FARC disidencias (sin distinguir estructura)
76109,2023,GRUPO POSDESMOVILIZACIÓN | URABEÑOS/AUTODEFENSAS GAITANISTAS DE COLOMBIA/ÁGUILAS NEGRAS/CLAN ÚSUGA,EGC (Clan del Golfo)
76109,2023,GUERRILLA | DISIDENCIA FARC,FARC disidencias (sin distinguir estructura)
76109,2023,GUERRILLA | ELN,ELN
76109,2024,GUERRILLA | DISIDENCIA FARC,FARC disidencias (sin distinguir estructura)
76109,2024,GUERRILLA | ELN,ELN
76109,2025,GUERRILLA | DISIDENCIA FARC,FARC disidencias (sin distinguir estructura)
76109,2025,GUERRILLA | ELN,ELN
76111,2024,GUERRILLA | DISIDENCIA FARC,FARC disidencias (sin distinguir estructura)
76113,2024,GUERRILLA | DISIDENCIA FARC,FARC disidencias (sin distinguir estructura)
76126,2025,GUERRILLA | DISIDENCIA FARC,FARC disidencias (sin distinguir estructura)
76130,2023,GUERRILLA | DISIDENCIA FARC,FARC disidencias (sin distinguir estructura)
76233,2023,GRUPO POSDESMOVILIZACIÓN | URABEÑOS/AUTODEFENSAS GAITANISTAS DE COLOMBIA/ÁGUILAS NEGRAS/CLAN ÚSUGA,EGC (Clan del Golfo)
76233,2024,GUERRILLA | DISIDENCIA FARC,FARC disidencias (sin distinguir estructura)
76233,2025,GUERRILLA | DISIDENCIA FARC,FARC disidencias (sin distinguir estructura)
76248,2024,GUERRILLA | DISIDENCIA FARC,FARC disidencias (sin distinguir estructura)
76248,2026,GUERRILLA | DISIDENCIA FARC,FARC disidencias (sin distinguir estructura)
76250,2025,GRUPO POSDESMOVILIZACIÓN | URABEÑOS/AUTODEFENSAS GAITANISTAS DE COLOMBIA/ÁGUILAS NEGRAS/CLAN ÚSUGA,EGC (Clan del Golfo)
76275,2023,GUERRILLA | DISIDENCIA FARC,FARC disidencias (sin distinguir estructura)
76275,2023,GUERRILLA | ELN,ELN
76275,2024,GUERRILLA | DISIDENCIA FARC,FARC disidencias (sin distinguir estructura)
76318,2024,GUERRILLA | DISIDENCIA FARC,FARC disidencias (sin distinguir estructura)
76318,2025,GUERRILLA | DISIDENCIA FARC,FARC disidencias (sin distinguir estructura)
76364,2023,GUERRILLA | DISIDENCIA FARC,FARC disidencias (sin distinguir estructura)
76364,2024,GUERRILLA | DISIDENCIA FARC,FARC disidencias (sin distinguir estructura)
76364,2025,GUERRILLA | DISIDENCIA FARC,FARC disidencias (sin distinguir estructura)
76520,2023,GUERRILLA | DISIDENCIA FARC,FARC disidencias (sin distinguir estructura)
76520,2024,GUERRILLA | DISIDENCIA FARC,FARC disidencias (sin distinguir estructura)
76520,2025,GUERRILLA | DISIDENCIA FARC,FARC disidencias (sin distinguir estructura)
76563,2023,GUERRILLA | DISIDENCIA FARC,FARC disidencias (sin distinguir estructura)
76563,2023,GUERRILLA | ELN,ELN
76563,2024,GUERRILLA | DISIDENCIA FARC,FARC disidencias (sin distinguir estructura)
76563,2025,GUERRILLA | DISIDENCIA FARC,FARC disidencias (sin distinguir estructura)
76622,2024,GRUPO POSDESMOVILIZACIÓN | URABEÑOS/AUTODEFENSAS GAITANISTAS DE COLOMBIA/ÁGUILAS NEGRAS/CLAN ÚSUGA,EGC (Clan del Golfo)
76670,2025,GUERRILLA | DISIDENCIA FARC,FARC disidencias (sin distinguir estructura)
76736,2024,GUERRILLA | DISIDENCIA FARC,FARC disidencias (sin distinguir estructura)
76736,2025,GUERRILLA | DISIDENCIA FARC,FARC disidencias (sin distinguir estructura)
76828,2023,GRUPO POSDESMOVILIZACIÓN | LOS RASTROJOS,Los Rastrojos
76834,2023,GUERRILLA | DISIDENCIA FARC,FARC disidencias (sin distinguir estructura)
76834,2024,GUERRILLA | DISIDENCIA FARC,FARC disidencias (sin distinguir estructura)
76834,2025,GUERRILLA | DISIDENCIA FARC,FARC disidencias (sin distinguir estructura)
76834,2026,GUERRILLA | DISIDENCIA FARC,FARC disidencias (sin distinguir estructura)
81001,2023,GUERRILLA | DISIDENCIA FARC,FARC disidencias (sin distinguir estructura)
81001,2023,GUERRILLA | ELN,ELN
81001,2024,GUERRILLA | DISIDENCIA FARC,FARC disidencias (sin distinguir estructura)
81001,2025,GUERRILLA | ELN,ELN
81001,2026,GUERRILLA | ELN,ELN
81065,2023,GUERRILLA | DISIDENCIA FARC,FARC disidencias (sin distinguir estructura)
81065,2023,GUERRILLA | ELN,ELN
81065,2024,GUERRILLA | DISIDENCIA FARC,FARC disidencias (sin distinguir estructura)
81065,2024,GUERRILLA | ELN,ELN
81065,2025,GUERRILLA | ELN,ELN
81300,2023,GUERRILLA | ELN,ELN
81300,2024,GUERRILLA | ELN,ELN
81300,2025,GUERRILLA | ELN,ELN
81591,2023,GUERRILLA | DISIDENCIA FARC,FARC disidencias (sin distinguir estructura)
81591,2023,GUERRILLA | ELN,ELN
81591,2024,GUERRILLA | DISIDENCIA FARC,FARC disidencias (sin distinguir estructura)
81591,2024,GUERRILLA | ELN,ELN
81591,2025,GUERRILLA | DISIDENCIA FARC,FARC disidencias (sin distinguir estructura)
81591,2025,GUERRILLA | ELN,ELN
81736,2023,GUERRILLA | ELN,ELN
81736,2024,GUERRILLA | DISIDENCIA FARC,FARC disidencias (sin distinguir estructura)
81736,2024,GUERRILLA | ELN,ELN
81736,2025,GUERRILLA | ELN,ELN
81794,2023,GUERRILLA | DISIDENCIA FARC,FARC disidencias (sin distinguir estructura)
81794,2023,GUERRILLA | ELN,ELN
81794,2024,GUERRILLA | DISIDENCIA FARC,FARC disidencias (sin distinguir estructura)
81794,2024,GUERRILLA | ELN,ELN
81794,2025,GUERRILLA | DISIDENCIA FARC,FARC disidencias (sin distinguir estructura)
81794,2025,GUERRILLA | ELN,ELN
81794,2026,GUERRILLA | ELN,ELN
85001,2024,GUERRILLA | ELN,ELN
85001,2025,GUERRILLA | ELN,ELN
85010,2024,GUERRILLA | ELN,ELN
85125,2024,GUERRILLA | DISIDENCIA FARC,FARC disidencias (sin distinguir estructura)
85225,2023,GUERRILLA | DISIDENCIA FARC,FARC disidencias (sin distinguir estructura)
85250,2024,GUERRILLA | DISIDENCIA FARC,FARC disidencias (sin distinguir estructura)
85315,2024,GUERRILLA | DISIDENCIA FARC,FARC disidencias (sin distinguir estructura)
85400,2024,GUERRILLA | DISIDENCIA FARC,FARC disidencias (sin distinguir estructura)
85400,2025,GUERRILLA | DISIDENCIA FARC,FARC disidencias (sin distinguir estructura)
86001,2023,GUERRILLA | DISIDENCIA FARC,FARC disidencias (sin distinguir estructura)
86001,2024,GUERRILLA | DISIDENCIA FARC,FARC disidencias (sin distinguir estructura)
86001,2025,GUERRILLA | DISIDENCIA FARC,FARC disidencias (sin distinguir estructura)
86320,2023,GUERRILLA | DISIDENCIA FARC,FARC disidencias (sin distinguir estructura)
86568,2023,GRUPO POSDESMOVILIZACIÓN | URABEÑOS/AUTODEFENSAS GAITANISTAS DE COLOMBIA/ÁGUILAS NEGRAS/CLAN ÚSUGA,EGC (Clan del Golfo)
86568,2023,GUERRILLA | DISIDENCIA FARC,FARC disidencias (sin distinguir estructura)
86568,2024,GRUPO POSDESMOVILIZACIÓN | URABEÑOS/AUTODEFENSAS GAITANISTAS DE COLOMBIA/ÁGUILAS NEGRAS/CLAN ÚSUGA,EGC (Clan del Golfo)
86568,2024,GUERRILLA | DISIDENCIA FARC,FARC disidencias (sin distinguir estructura)
86568,2025,GUERRILLA | DISIDENCIA FARC,FARC disidencias (sin distinguir estructura)
86569,2023,GUERRILLA | DISIDENCIA FARC,FARC disidencias (sin distinguir estructura)
86569,2024,GUERRILLA | DISIDENCIA FARC,FARC disidencias (sin distinguir estructura)
86571,2023,GUERRILLA | DISIDENCIA FARC,FARC disidencias (sin distinguir estructura)
86571,2024,GUERRILLA | DISIDENCIA FARC,FARC disidencias (sin distinguir estructura)
86571,2025,GUERRILLA | DISIDENCIA FARC,FARC disidencias (sin distinguir estructura)
86573,2023,GUERRILLA | DISIDENCIA FARC,FARC disidencias (sin distinguir estructura)
86573,2024,GUERRILLA | DISIDENCIA FARC,FARC disidencias (sin distinguir estructura)
86865,2023,GRUPO POSDESMOVILIZACIÓN | URABEÑOS/AUTODEFENSAS GAITANISTAS DE COLOMBIA/ÁGUILAS NEGRAS/CLAN ÚSUGA,EGC (Clan del Golfo)
86885,2024,GUERRILLA | DISIDENCIA FARC,FARC disidencias (sin distinguir estructura)
86885,2025,GUERRILLA | DISIDENCIA FARC,FARC disidencias (sin distinguir estructura)
91001,2024,GUERRILLA | DISIDENCIA FARC,FARC disidencias (sin distinguir estructura)
95001,2023,GUERRILLA | DISIDENCIA FARC,FARC disidencias (sin distinguir estructura)
95001,2024,GUERRILLA | DISIDENCIA FARC,FARC disidencias (sin distinguir estructura)
95001,2025,GUERRILLA | DISIDENCIA FARC,FARC disidencias (sin distinguir estructura)
95015,2023,GUERRILLA | DISIDENCIA FARC,FARC disidencias (sin distinguir estructura)
95015,2024,GUERRILLA | DISIDENCIA FARC,FARC disidencias (sin distinguir estructura)
95015,2025,GUERRILLA | DISIDENCIA FARC,FARC disidencias (sin distinguir estructura)
95025,2024,GUERRILLA | DISIDENCIA FARC,FARC disidencias (sin distinguir estructura)
95025,2025,GUERRILLA | DISIDENCIA FARC,FARC disidencias (sin distinguir estructura)
95200,2024,GUERRILLA | DISIDENCIA FARC,FARC disidencias (sin distinguir estructura)
95200,2025,GUERRILLA | DISIDENCIA FARC,FARC disidencias (sin distinguir estructura)
97161,2025,GUERRILLA | DISIDENCIA FARC,FARC disidencias (sin distinguir estructura)
99001,2023,GUERRILLA | DISIDENCIA FARC,FARC disidencias (sin distinguir estructura)
99773,2024,GUERRILLA | DISIDENCIA FARC,FARC disidencias (sin distinguir estructura)
99773,2025,GUERRILLA | DISIDENCIA FARC,FARC disidencias (sin distinguir estructura)
