archivo,url,fecha_consulta,sha256
poblacion_total_2018_p0.json,https://geoportal.dane.gov.co/mparcgis/rest/services/INDICADORES_DE_POBLACION/Serv_Mpios_DistribucionPoblacionTotalCen_2018/MapServer/4/query?where=1%3D1&outFields=MPIO_CCDGO%2CCL0_TT_PERSN&returnGeometry=false&orderByFields=MPIO_CCDGO&resultOffset=0&resultRecordCount=1000&f=json,2026-10-05,bff7726cfc8825b3f73e45ac5ea788dbd18cf8c9f8bbdbf98e4c36d763795aa5
poblacion_total_2018_p1.json,https://geoportal.dane.gov.co/mparcgis/rest/services/INDICADORES_DE_POBLACION/Serv_Mpios_DistribucionPoblacionTotalCen_2018/MapServer/4/query?where=1%3D1&outFields=MPIO_CCDGO%2CCL0_TT_PERSN&returnGeometry=false&orderByFields=MPIO_CCDGO&resultOffset=1000&resultRecordCount=1000&f=json,2026-10-05,0ed157c82c1126dac0718a6968fe3cd8cd7a3d10e7b630e48db81419577ed962
poblacion_rural_disperso_2018_p0.json,https://geoportal.dane.gov.co/mparcgis/rest/services/INDICADORES_DE_POBLACION/Serv_Mpios_DistribucionPoblacion_RuralDisper_2018/MapServer/4/query?where=1%3D1&outFields=MPIO_CCDGO%2CCL3_TT_PERSN&returnGeometry=false&orderByFields=MPIO_CCDGO&resultOffset=0&resultRecordCount=1000&f=json,2026-10-05,71bccabb5ef1a5311063036cdfa9335127429f3249d743aea120c1e5b8ae3bf4
poblacion_rural_disperso_2018_p1.json,https://geoportal.dane.gov.co/mparcgis/rest/services/INDICADORES_DE_POBLACION/Serv_Mpios_DistribucionPoblacion_RuralDisper_2018/MapServer/4/query?where=1%3D1&outFields=MPIO_CCDGO%2CCL3_TT_PERSN&returnGeometry=false&orderByFields=MPIO_CCDGO&resultOffset=1000&resultRecordCount=1000&f=json,2026-10-05,e244dcb6e4ab65f4a55ecc271ec732c437efa12bdfe0a1c7677c9094301bf135
indice_envejecimiento_2018_p0.json,https://geoportal.dane.gov.co/mparcgis/rest/services/INDICADORES_DE_POBLACION/Serv_Mpios_IndEnvejecim60ymas_Total_2018/MapServer/4/query?where=1%3D1&outFields=MPIO_CCDGO%2CCL0_INDENVJ60MAS&returnGeometry=false&orderByFields=MPIO_CCDGO&resultOffset=0&resultRecordCount=1000&f=json,2026-10-05,21473e04ef6b95e39a30cd684d8f8e1cbb196b82fd07024bd7477d474ae0774c
indice_envejecimiento_2018_p1.json,https://geoportal.dane.gov.co/mparcgis/rest/services/INDICADORES_DE_POBLACION/Serv_Mpios_IndEnvejecim60ymas_Total_2018/MapServer/4/query?where=1%3D1&outFields=MPIO_CCDGO%2CCL0_INDENVJ60MAS&returnGeometry=false&orderByFields=MPIO_CCDGO&resultOffset=1000&resultRecordCount=1000&f=json,2026-10-05,a4c63a9c1a0311467ffc3d5ad1cf9a32b842c3f632d42c1be49c83ecb5930c48
indice_juventud_2018_p0.json,https://geoportal.dane.gov.co/mparcgis/rest/services/INDICADORES_DE_POBLACION/Serv_Mpios_IndJuventud_Total_2018/MapServer/4/query?where=1%3D1&outFields=MPIO_CCDGO%2CCL0_INDJUVT&returnGeometry=false&orderByFields=MPIO_CCDGO&resultOffset=0&resultRecordCount=1000&f=json,2026-10-05,fb7dd4d290add1285a57a6726b3d0c91cc375261036ba3194c04348f73b6aadd
indice_juventud_2018_p1.json,https://geoportal.dane.gov.co/mparcgis/rest/services/INDICADORES_DE_POBLACION/Serv_Mpios_IndJuventud_Total_2018/MapServer/4/query?where=1%3D1&outFields=MPIO_CCDGO%2CCL0_INDJUVT&returnGeometry=false&orderByFields=MPIO_CCDGO&resultOffset=1000&resultRecordCount=1000&f=json,2026-10-05,e8dec66d85e829193b4b19d6ca1dcfc6b08caaa98d5f99b0430910f21f808370
grupos_etnicos_2018_p0.json,https://geoportal.dane.gov.co/mparcgis/rest/services/INDICADORES_GRUPOS_ETNICOS/Serv_Mpios_PoblacionIndigena_2018/MapServer/4/query?where=1%3D1&outFields=U_MPIO%2CPARTICIPACION_PORCENTUAL_PA1_GRP_ETNIC_1%2CPARTICIPACION_PORCENTUAL_PA1_GRP_ETNIC_5&returnGeometry=false&orderByFields=U_MPIO&resultOffset=0&resultRecordCount=1000&f=json,2026-10-05,1c5675d45da145de3bcc5e7bde6d49d72cd0b58f92a36cd55b667d56ee63355f
grupos_etnicos_2018_p1.json,https://geoportal.dane.gov.co/mparcgis/rest/services/INDICADORES_GRUPOS_ETNICOS/Serv_Mpios_PoblacionIndigena_2018/MapServer/4/query?where=1%3D1&outFields=U_MPIO%2CPARTICIPACION_PORCENTUAL_PA1_GRP_ETNIC_1%2CPARTICIPACION_PORCENTUAL_PA1_GRP_ETNIC_5&returnGeometry=false&orderByFields=U_MPIO&resultOffset=1000&resultRecordCount=1000&f=json,2026-10-05,36ba07002fce594f0f95e2b1e69d3f8882c72703986240c2d24898dd0a781cb6
