CODDEPTO,DEPARTAMENTO,CODMPIO,MUNICIPIO,2001,2002,2003,2004,2005,2006,2007,2008,2009,2010,2011,2012,2013,2014,2015,2016,2017,2018,2019,2020,2021,2022,2023,2024
91,AMAZONAS,91263,EL ENCANTO (Cor. Departamental),191.82,264,164,270,382,233,186,349,109,81,35,16,8,20,11.77,12.65,8.04,4.12,2.52,,,,,
91,AMAZONAS,91405,LA CHORRERA (Cor. Departamental),65,236,209,271,257,223,132,349,81,113,36,22,25,51,13.61,14.09,18.2,6.04,3.16,,,,,
91,AMAZONAS,91407,LA PEDRERA (Cor. Departamental),,,,,,,,,7,12,,1,,,,,,,,,,,,
91,AMAZONAS,91430,LA VICTORIA (Pacoa) (Cor. Departamental),,,,,,,,,2,10,,,,,,,,,,,,,,
91,AMAZONAS,91460,MIRITÍ-PARANÁ (Campoamor) (Cor. Departamental),6,43,36.18,30,12,4,9,2,4,15,,5,,,,,,,,,,,,
91,AMAZONAS,91530,PUERTO ALEGRÍA (Cor. Departamental),212.34,195,173,174,210,202,165,95,53,73,44,54,76,102,85.79,140.03,139.38,111.49,118.96,61.45,72.76,103.39,65.97,66.41
91,AMAZONAS,91536,PUERTO ARICA (Cor. Departamental),,1,6.36,,,,,,,,,,,,,,,,,,,,,
91,AMAZONAS,91669,SANTANDER (Araracuara) (Cor. Departamental),33,44,36.72,38,36,30,49,41,22,34,7,,1,,,,,,,,,,,
05,ANTIOQUIA,05031,AMALFI,36.61,110,74,173,210,342,246,151,108,103,29,170,48,40,28.36,130.81,197.94,205.61,191.08,209.8,475.39,404.95,382.59,388.08
05,ANTIOQUIA,05040,ANORÍ,201.25,369,613.71,753,759,836,533,787,239,526,208,361,107,199,256.05,661.7,1312.28,969.49,768.35,1088.88,1737.4,1540.74,2089.32,1957.22
05,ANTIOQUIA,05045,APARTADÓ,,,,,,,,10,21,70,,19,5,6,8.9,9.48,7.93,1.51,7.26,5.69,1.86,3.35,3.23,2.6
05,ANTIOQUIA,05055,ARGELIA,,,4,21,21,15,2,1,3,9,42,5,2,,,,,,,,,,,
05,ANTIOQUIA,05107,BRICEÑO,24.17,17,20,54,115,44,329,85,50,94,38,53,5,27,91.45,736.94,414.9,289.04,90.71,88.59,363.09,417.62,534.5,336.19
05,ANTIOQUIA,05120,CÁCERES,229.11,116,537,539,650,579,552,524,382,1056,453,290,143,510,420.12,1131.27,1943.61,1826.23,1101.54,1273.92,1869.62,1785.65,2116.19,1908.18
05,ANTIOQUIA,05134,CAMPAMENTO,,8,,62,28,9,38,6,25,,,6,11,41,25.6,130.32,228.15,204.57,183.95,179.43,326.09,268.84,427.12,415.79
05,ANTIOQUIA,05142,CARACOLÍ,,,,,,1,,14,,2,2,,,,,,,,,,,,,
05,ANTIOQUIA,05147,CAREPA,,,,2,,,,4,,4,,,,,,,,,,,,,,
05,ANTIOQUIA,05148,CARMEN DE VIBORAL,,,,,,,,,2,,,,,,,,,,,,,,,
05,ANTIOQUIA,05154,CAUCASIA,95.11,26,27,21,2,12,7,2,,,,,,,,5.89,,2.25,,,3.32,3.63,3.14,1.55
05,ANTIOQUIA,05172,CHIGORODÓ,,,,,,,,2,,7,1,7,4,1,,10.43,6.94,5.31,6.37,4.1,12.18,15.6,35.41,29.33
05,ANTIOQUIA,05197,COCORNÁ,,,,,,,,13,6,,1,4,,,,,,,,,,,,
05,ANTIOQUIA,05234,DABEIBA,40,,,,,,,,40,4,2,4,,,,,,,,,,,5.78,4.13
05,ANTIOQUIA,05250,EL BAGRE,452.25,327,524,546,721,463,1752,708,715,1110,317,339,96,21,85.34,446.31,595.17,811.02,648.31,1265.7,1152.82,878.64,1040.74,689.95
05,ANTIOQUIA,05284,FRONTINO,1,,,,,,,,,,,,,,,,,,,,,,,
05,ANTIOQUIA,05310,GÓMEZ PLATA,24.96,2,,,,,,,,,,,,,,,,,,,,,,
05,ANTIOQUIA,05361,ITUANGO,134.67,130,200,135,161,76,45,228,250,16,82,138,27,108,41.37,305.23,865.56,882.69,724.51,967.34,1414.19,1213.2,1471.27,1509.73
05,ANTIOQUIA,05425,MACEO,7.95,,,,,,,,,,,,,,,,,,,,,,,
05,ANTIOQUIA,05475,MURINDÓ,,,,,,,,,6,,3,,1,,,,,,1.52,8.12,46.05,69.23,176.31,200.41
05,ANTIOQUIA,05480,MUTATÁ,1,,,,,,,,,7,,10,4,,1.18,,6.65,3.49,1.21,1.1,5.99,10,31.03,27.85
05,ANTIOQUIA,05483,NARIÑO,,,2,8,1,94,32,17,61,29,66,3,,1,,,,,,,,,,
05,ANTIOQUIA,05495,NECHÍ,15.67,57,125,195,365,335,1085,328,235,119,210,173,28,39,128.35,360.85,551.52,708.03,530.37,551.1,365.53,277.93,380.35,357.84
05,ANTIOQUIA,05490,NECOCLÍ,,,78,1,,,,,,,,,1,,,,,,,,,,,
05,ANTIOQUIA,05579,PUERTO BERRÍO,,,,,,,,2,,,3,2,2,,,,,,,,,,,
05,ANTIOQUIA,05585,PUERTO NARE,,,,7,2,35,44,45,2,17,22,5,,,,,,,,,,,,
05,ANTIOQUIA,05591,PUERTO TRIUNFO,,,,,,1,,,,,,,,,,,,,,,,,,
05,ANTIOQUIA,05604,REMEDIOS,443.32,534,331,193,202,265,142,154,121,85,86,29,3,5,3.99,10.38,24.67,45.37,39.33,38.88,129.44,118.94,115.91,146.33
05,ANTIOQUIA,05628,SABANALARGA,,1,,,,,,,,,,,,,,,,,,,,,,
05,ANTIOQUIA,05649,SAN CARLOS,1,,,,,38,23,17,45,13,44,48,3,3,1.44,1.76,,,,,1.18,1.39,1.75,1.77
05,ANTIOQUIA,05652,SAN FRANCISCO,22.85,,17,,27,137,79,235,71,139,129,47,31,23,29.46,15.52,13.99,28.75,14.11,13.75,30.62,48.47,64.19,77.95
05,ANTIOQUIA,05660,SAN LUIS,13.02,,18,,83,197,102,271,182,37,114,21,11,12,8.33,8.23,4.57,8.91,1.66,2.1,9.12,23.01,22.07,30.03
05,ANTIOQUIA,05665,SAN PEDRO DE URABÁ,,,8,,,,,,1,,,,,,5.28,4.56,3.48,2.66,1.07,,,,,
05,ANTIOQUIA,05667,SAN RAFAEL,9.15,,,,,2,,8,17,,,4,,,,,,,,,,,,
05,ANTIOQUIA,05670,SAN ROQUE,92.01,2,,,,,,3,,2,,4,,,,,,,,,,,,
05,ANTIOQUIA,05686,SANTA ROSA DE OSOS,3.89,,,,,,,,,,,,,,,,,,,,,,,
05,ANTIOQUIA,05736,SEGOVIA,211.64,355,58,152,403,604,436,307,305,316,202,98,19,38,58.14,143.85,191.93,306.59,198.3,200.11,226.86,262.68,244.73,182.11
05,ANTIOQUIA,05756,SONSÓN,1,,55,25,41,84,25,70,16,45,44,10,10,3,2.7,2.32,,,,,2.56,3.94,10.97,19.41
05,ANTIOQUIA,05790,TARAZÁ,684.18,337,537,1163,1402,1105,1663,931,773,986,635,495,338,842,884.61,2797.31,3803.68,3728.41,2061.72,2465.65,3531.32,3244.89,3768.43,3659.51
05,ANTIOQUIA,05819,TOLEDO,,,,,,,,,,,,,,,,,,3.44,,,,,,
05,ANTIOQUIA,05837,TURBO,,,151,21,,,,8,26,12,,17,35,18,45.44,97.99,61.01,56.84,54.52,46.07,43.04,84.55,92.94,76.98
05,ANTIOQUIA,05842,URAMITA,3.58,,,,,,,,,,,,,,,,,,,,,,,
05,ANTIOQUIA,05847,URRAO,,,,14,,1,3,,,22,32,17,5,,,,,,,,,,,
05,ANTIOQUIA,05854,VALDIVIA,124.2,50,157,431,467,426,1027,409,422,134,199,76,32,298,189.59,1620.8,2899.35,2623.54,2360.05,2833.73,4105.39,4516.57,4726.85,4311.02
05,ANTIOQUIA,05858,VEGACHÍ,66.41,74,75,49,38,25,58,22,20,,7,10,,1,,,36.45,42.29,31.55,27.4,108.57,78.59,56.95,62.11
05,ANTIOQUIA,05873,VIGÍA DEL FUERTE,,,,3,,,,,1,,13,,7,3,,,,,,,,8.84,20.66,34.84
05,ANTIOQUIA,05885,YALÍ,89.81,47,46,27,22,,53,,6,,,,,10,12.37,17.66,52.31,58.28,31,40.38,77.69,45.02,36.34,12.19
05,ANTIOQUIA,05887,YARUMAL,2,2,,68,6,17,8,,9,2,3,,1,13,3.16,40.04,93.9,87.63,70.97,79.69,113.81,125.13,145.25,90.37
05,ANTIOQUIA,05890,YOLOMBÓ,71.94,7,17,,,,,,,,,,,4,1.44,4.73,13.34,23.41,1.43,3.92,9.92,16.24,12.59,4.22
05,ANTIOQUIA,05893,YONDÓ (Casabe),0.74,59,85,86,88,13,31,239,153,,69,8,,3,3.08,,4.58,6.5,14.67,8.72,10.68,17.86,19.09,15.35
05,ANTIOQUIA,05895,ZARAGOZA,281.81,399,505,416,600,400,1611,495,240,384,49,252,12,24,66.82,160.9,346.92,471.23,346.37,686.02,807.18,682.48,749.41,609.84
81,ARAUCA,81065,ARAUQUITA,1325.09,1647,293.84,939,1165,775,1090,205,200,123,42,58,44,16,9.12,6.34,116.63,7.44,,,,,,
81,ARAUCA,81300,FORTUL,265.82,165,71.31,252,249,158,519,39,72,46,24,5,3,3,1.23,,,,,,,,,
81,ARAUCA,81591,PUERTO RONDÓN,43.95,34,,10,36,50,18,15,8,3,2,,1,2,1.93,,4.59,,,,,,,
81,ARAUCA,81736,SARAVENA,138.25,55,76.51,98,184,126,192,92,34,15,15,5,4,1,,,,,,,,,,
81,ARAUCA,81794,TAME,396.23,314,96.38,253,249,197,297,96,103,60,50,14,17,4,4.85,2.57,,,,,,,,
13,BOLÍVAR,13006,ACHÍ,1,,,,3,,20,,14,60,5,12,1,6,3.77,9.12,12.48,12.53,8.22,5.72,4.94,9.27,28.9,44.09
13,BOLÍVAR,13030,ALTOS DEL ROSARIO,,,37.27,42.97,58,18,57,43,67,6,16,,,,,,,,,,,5.29,15.45,34.02
13,BOLÍVAR,13042,ARENAL,53.35,71,194,109,150,67,221,117,182,114,57,38,16,56,10.57,18.69,21.35,2.51,19.13,35.55,104.58,123.48,142.76,237.06
13,BOLÍVAR,13074,BARRANCO DE LOBA,,,51.33,53,82,29,63,31,68,22,16,,,,,,,,,,,45.02,60.56,89.94
13,BOLÍVAR,13160,CANTAGALLO,1063.4,446,511,229,333,127,485,909,727,312,255,198,57,125,44.86,398.45,600.51,728.93,645.48,811.66,1258.48,1145.27,1146.72,908.37
13,BOLÍVAR,13268,EL PEÑÓN,,,,2.12,,,,,,,,,,,,,,,,,,,,
13,BOLÍVAR,13458,MONTECRISTO,103.11,45,231,287,255,237,1239,734,679,709,535,234,163,279,214.14,522.1,510.89,716.53,635.21,576.61,688.02,616.18,848.96,790.64
13,BOLÍVAR,13473,MORALES,184.44,64,145,78,115,152,285,156,163,300,55,98,19,100,36.4,167.65,208.58,234.16,154.79,148.75,318.26,197.36,191.44,391.28
13,BOLÍVAR,13490,NOROSI,,,,,,,,,,,,6,14,21,11.68,15.79,8.78,13.5,4.76,13.32,82.68,165.88,240.36,275.82
13,BOLÍVAR,13600,RIOVIEJO,194.49,166,288,242,323,178,357,230,276,163,66,15,9,23,11.54,8.22,15.08,2.12,18.4,66,100.22,143.58,151.32,215.96
13,BOLÍVAR,13655,SAN JACINTO DEL CAUCA,,5,23,40,47,82,130,193,101,33,132,25,18,18,64.42,136.08,161.54,233.76,200.27,172.27,168.98,167.53,162.17,135
13,BOLÍVAR,13667,SAN MARTÍN DE LOBA,,,67.46,180,176,67,144,77,114,82,17,,,1,,,4.25,4.14,2.88,2.84,2.45,17.52,16.34,26.59
13,BOLÍVAR,13670,SAN PABLO,1189.72,614,1105,756,638,334,579,1529,742,376,384,544,225,258,229.54,1255.5,2300.37,3315.51,2832.35,3218.26,3972.77,3470.98,3339.62,2973.85
13,BOLÍVAR,13688,SANTA ROSA DEL SUR,1907.35,996,1336,925,1152,810,958,1319,1083,745,264,526,336,488,307.29,968.38,1437.1,2009.22,1912.62,2468.01,2515.23,2086.98,2103.83,2097.65
13,BOLÍVAR,13744,SIMITÍ,1382.2,321,410,388,188,174,581,374,319,132,131,166,54,92,69.65,508.1,781.04,1206.26,1443.32,1652.33,2011.06,1760.31,1743.12,1623.14
13,BOLÍVAR,13810,TIQUISIO (Puerto Rico),61.54,7,72,69,150,107,513,135,242,270,274,106,13,98,39.16,86.2,117.04,134.51,87.66,201.93,286.71,413.38,578.88,596.29
15,BOYACÁ,15212,COPER,,3,3,,,1,,,,,,,,,,,,,,,,,,
15,BOYACÁ,15223,CUBARÁ,47.3,6,8.04,,,,,8,4,7,,,,1,,,,,,,,,,
15,BOYACÁ,15401,LA VICTORIA,,,,,,,,,1,,,,,,,,,,,,,,,
15,BOYACÁ,15442,MARIPÍ,,14,25,10,,4,,,,,,,,1,,,,,,,,,,
15,BOYACÁ,15480,MUZO,,1,39,11,2,13,,,,,,,,,,,,,,,,,,
15,BOYACÁ,15507,OTANCHE,6.68,23,140.67,84,101,142,52,120,106,30,47,8,6,4,4.55,,,2.8,,,,,,
15,BOYACÁ,15531,PAUNA,1,10,22,10,14,54,,,,,,,3,3,,,,,,,,,,
15,BOYACÁ,15572,PUERTO BOYACÁ,28.51,43,309,215,206,197,22,65,56,68,38,2,8,5,3.16,14.99,21.99,13.68,4.24,6.35,17.95,47.29,53.7,87.19
15,BOYACÁ,15580,QUÍPAMA,,3,27,15,10,6,,,6,,1,,,,,,,,,,,,,
15,BOYACÁ,15681,SAN PABLO DE BORBUR,,15,18.99,13,9,20,5,4,10,,8,,,,,,,,,,,,,
15,BOYACÁ,15696,SANTA SOFÍA,,,1.26,,,,,,,,,,,,,,,,,,,,,
15,BOYACÁ,15832,TUNUNGUÁ,,,,1.08,,4,,,,,,,,,,,,,,,,,,
17,CALDAS,17433,MANZANARES,,,0.81,,,,,,,,,,,,,,,,,,,,,
17,CALDAS,17495,NORCASIA,,,43,313,46,51,28,39,38,8,9,8,,,,,,,,,,,,
17,CALDAS,17541,PENSILVANIA,,,,1.11,7.46,14,7,12,2,7,7,,,,,,,,,,,,,
17,CALDAS,17662,SAMANÁ,,,9.9,41,132,380,21,136,127,30,30,8,8,,,,,,,,,,,
17,CALDAS,17867,VICTORIA,,,,2.97,4,16,,,,,,,,,,,,,,,,,,
18,CAQUETÁ,18029,ALBANIA,180,125,122,698,149,106,61,10,12,7,7,2,7,18,32.5,53.64,63.28,61.92,30.07,37.21,58.23,94.09,123.89,129.33
18,CAQUETÁ,18094,BELÉN DE LOS ANDAQUÍES,40,64,135,112,157,132,30,185,63,79,193,89,85,92,132.03,147.2,201.43,303.88,110.22,,13.27,120.5,95.73,92.99
18,CAQUETÁ,18150,CARTAGENA DEL CHAIRÁ,5930.52,3989,1990,1203,1836,1674,1916,1374,781,603,409,456,703,1050,948.62,1187.95,1369.17,1006.74,416.26,251.71,304.36,433.88,549.31,469.54
18,CAQUETÁ,18205,CURILLO,754.1,581,202,252,253,265,283,44,114,125,69,188,208,259,459.51,368.15,471.31,342.83,227.55,110.42,257.19,344.65,407.68,417.39
18,CAQUETÁ,18247,EL DONCELLO,41,3,22.05,13,52,52,84,102,143,55,70,101,68,233,303.46,552.76,454.95,413.36,23.37,12.43,50.03,31.03,21.62,16.65
18,CAQUETÁ,18256,EL PAUJIL,149,3,12.35,30,29,32,88,39,66,31,112,99,114,240,267.63,415.85,951.65,704.08,147.38,54.38,157,208.28,210.78,186.75
18,CAQUETÁ,18001,FLORENCIA,,24,69,90,6,4,19,14,10,9,105,31,25,31,52.84,98.39,218.4,267.99,58.18,12.34,41.84,25.87,13.94,7.55
18,CAQUETÁ,18460,MILÁN,525.88,172,321,348,255,414,532,174,217,181,290,251,359,530,695.74,1040.24,1135.54,1226.44,461.07,252.34,283.48,497.06,526.54,340.07
18,CAQUETÁ,18410,MONTAÑITA,568.63,201,535,188,316,292,637,315,267,239,409,649,816,1335,1503.49,1743.71,2491.73,2989.69,822.86,461.97,694.79,956.38,1159.81,766.07
18,CAQUETÁ,18479,MORELIA,2,4,0.58,554,2,18,5,5,6,1,1,5,10,,1.04,,16.06,21.04,1.13,,,,,
18,CAQUETÁ,18592,PUERTO RICO,118,246,384,279,91,143,191,458,429,148,316,219,207,354,415.94,545.83,1635.95,1454.45,224.31,12.93,44.84,65.61,45.21,22.6
18,CAQUETÁ,18610,SAN JOSÉ DEL FRAGUA,653.83,655,425,209,311,245,353,92,119,145,304,552,488,611,1083.85,1030.8,1414.45,1592.82,1409.84,430.64,781.94,1202.03,1208.15,1218.83
18,CAQUETÁ,18753,SAN VICENTE DEL CAGUÁN,1193.14,606,407,603,231,332,380,373,545,215,78,77,164,412,406.84,403.29,380.85,264.01,71.3,104.61,84.61,92.44,469.51,320.75
18,CAQUETÁ,18756,SOLANO,2039.85,1067,1146,516,1015,808,1253,992,743,567,842,876,933,1269,1285.05,1577.25,763.8,825.37,447.44,281.16,713.34,1168.69,1446.68,630.93
18,CAQUETÁ,18785,SOLITA,757.91,380,769,309,103,214,195,64,121,78,23,30,29,26,31.56,34.58,42.15,55.15,8.75,5.23,8.52,41.76,40.77,
18,CAQUETÁ,18860,VALPARAÍSO,832.48,292,690,1094,182,236,291,62,123,95,99,69,106,82,92.37,143.47,182.53,231.95,51.73,27.57,175.16,331.7,270.38,97.56
19,CAUCA,19022,ALMAGUER,,,,,,,,,,4,,,,,,,,,,,,,,
19,CAUCA,19050,ARGELIA,206.34,218,93,65,153,161,637,483,300,296,200,470,121,1328,959.73,1754.51,1956.52,2369.96,2351.45,2549.58,2849.97,3085.97,3319.02,4008.42
19,CAUCA,19075,BALBOA,19,,94,23,24,91,192,15,49,77,62,43,24,80,223.8,112.27,82.33,198.37,321.43,293.98,561.5,499.9,1149.36,1414.8
19,CAUCA,19100,BOLÍVAR,,,0.69,,3,21,14,4,108,142,16,20,1,24,48.98,51.71,85.31,15.9,4.19,9.58,194.88,78.68,,
19,CAUCA,19110,BUENOS AIRES,,,,,,,,10,5,,,,,16,27,2.2,64.54,125.74,442.79,507.22,930.43,794.28,1467.49,2142.24
19,CAUCA,19130,CAJIBÍO,30.48,,,,4,,,,2,,,7,,15,68.95,132.45,407.19,323.07,355.09,235.23,325.62,364.41,567.54,805.89
19,CAUCA,19137,CALDONO,,,,,,,,,,,,,,,,,,,,,66.11,76.36,25.26,21.93
19,CAUCA,19142,CALOTO,,,,,,,,,,,,,,,16.1,26.26,,1.6,18.45,9.97,8.06,7.58,11.08,8.87
19,CAUCA,19212,CORINTO,,,,,,,,,,,,,,,26.7,38.91,,10.54,10.88,8.48,11.34,8.46,21.52,18.67
19,CAUCA,19256,EL TAMBO,1303.03,698,187,203,629,307,803,1240,1284,1560,1514,1876,1297,2522,3468.18,5300.28,6661.01,7242.99,7102.46,7483.6,8737.35,9223.56,9392.21,10326
19,CAUCA,19290,FLORENCIA,,,,,,8,,,12,29,,,,,,,,,,,,,,
19,CAUCA,19318,GUAPI,55.42,102,146,374,489,121,414,1434,1368,1022,984,396,182,191,256.88,525.78,720.88,678.57,634.89,594.68,1825.15,1558.85,1610.48,1528.58
19,CAUCA,19364,JAMBALÓ,,,,,,,,,,,,,,,,,,,68.96,39.14,60.52,35.86,22.33,16.49
19,CAUCA,19392,LA SIERRA,,,,,,,,4,,,,,,,,,,,,,,,,9.44
19,CAUCA,19397,LA VEGA,,,,,,8,,1,,,,,,,,,,,,,,,,
19,CAUCA,19418,LÓPEZ,57.97,97,15,59,63,79,273,476,921,791,1040,341,548,686,867.22,941.41,1467.97,1319.76,1308.33,1085.09,1774.56,1656.51,1866.37,1738.18
19,CAUCA,19450,MERCADERES,,,2.97,,,31,8,,75,137,420,17,21,120,95.06,140.7,126.54,25.14,,,45.46,25.3,,
19,CAUCA,19455,MIRANDA,,,,,,,,,,,,,,,3.67,5.98,,2.27,58.69,34.51,38.46,30.87,14.39,13.22
19,CAUCA,19473,MORALES,101.98,,,,9,10,118,29,32,55,32,76,17,70,155.25,166.89,340.32,309.79,361.67,393.41,648.76,783.82,1532.31,2087.8
19,CAUCA,19532,PATÍA  (El Bordo),,,,,6,83,48,105,109,82,51,58,76,97,203.53,327.96,350.34,405.01,376.95,485.32,865.86,1110.25,2908.45,3502.29
19,CAUCA,19533,PIAMONTE,899.15,818,651,281,517,594,669,523,165,131,253,516,461,602,1166.89,1458.49,1780.44,1997.22,1905.07,867.1,1550.09,2771.18,2932.89,2836.32
19,CAUCA,19548,PIENDAMÓ,,,,,,,,,,,,,,,,,,,,,8.58,12.49,58.2,63.31
19,CAUCA,19622,ROSAS,,,,,,,,,,,,,,,,,2.78,3.89,,,10.92,12.82,52.07,132.13
19,CAUCA,19701,SANTA ROSA,,3,0.36,,229,135,,16,12,,,,,,,,,,54.85,,,68.66,64.27,45.82
19,CAUCA,19698,SANTANDER DE QUILICHAO,,,,,,,,,,,,,,,,,,,,5.46,356.05,166.01,157.42,312.79
19,CAUCA,19760,SOTARÁ (Paispamba),24,,,,,,,,,,,,,,,,,,,,,,,
19,CAUCA,19780,SUÁREZ,2,,,,,,32,32,4,1,,,1,49,139.65,170.45,267.19,383.53,501.67,668.49,804.74,923.52,1580.89,2790.82
19,CAUCA,19785,SUCRE,,,,,,,,,,,,,5,17,15.57,18.67,13.5,6.8,4,8.49,46.19,28.21,,
19,CAUCA,19807,TIMBÍO,40.92,,,,,3,,,,,,,,,,,,,,,,1.35,18.39,10.05
19,CAUCA,19809,TIMBIQUÍ,188.68,185,253,260.31,579,453,960,1050,1698,1581,1494,507,572,572,907.47,1405.67,1633.45,1696.92,1464.04,1263.01,3376.08,2896.79,3071.77,3042.44
19,CAUCA,19821,TORIBÍO,,,,,,,,,,,,,,,9.47,14.85,,,9.97,1.49,2.41,1.03,,
20,CESAR,20178,CHIRIGUANÁ,,,,,,,,,,,,,,,,,2.43,,,,,,,
20,CESAR,20310,GONZÁLEZ,,,,,,,,,,,,5,4,2,16.22,6.58,7.78,7.1,23.55,28.51,9.29,7.68,,
20,CESAR,20517,PAILITAS,,,,,,,,5,,,,,,,,,,,,,,,,
20,CESAR,20710,SAN ALBERTO,,,,,,,,,,,,4,6,5,15.47,17.25,10.72,13.79,6.28,1.97,,,,
20,CESAR,20770,SAN MARTÍN,,,,,,,,,,,,3,3,3,1.58,2.57,3.42,10.21,8.33,1.74,1.32,,,
27,CHOCÓ,27006,ACANDÍ,,,,,,,,,,,6,4,2,4,3.34,2.2,8.96,4.47,4.76,1.69,1.29,6.34,6.57,
27,CHOCÓ,27025,ALTO BAUDÓ (Pie de Pató),,,45,12,104,7,259,391,159,489,196,268,105,135,47.87,57.97,39.17,21.62,38.75,34.09,115.75,173.93,245.07,168.78
27,CHOCÓ,27050,ATRATO (Yuto),,,,,,,,,4,,,8,2,,,,,,,,,1.78,1.64,
27,CHOCÓ,27075,BAHÍA SOLANO (Mutis),,,,,,,,,,7,,,,,,,,,,,,,,
27,CHOCÓ,27077,BAJO BAUDÓ  (Pizarro),,,177,78,332,82,353,1114,147,341,248,562,145,218,131.16,138.22,79.75,53.69,21.53,16.38,91.51,101.64,75.64,47.84
27,CHOCÓ,27099,BOJAYÁ (Bellavista),,,,,,,,,,,4,2,,,,,,,,,,,,
27,CHOCÓ,27150,CARMEN DEL DARIÉN  (Curbaradó),,,,,,,,,,,,63,76,23,48.14,98.28,159.99,153.39,232.42,192.67,778.94,702.58,1035.35,1035.85
27,CHOCÓ,27205,CONDOTO,,,,1,3,,6,55,13,33,59,10,7,10,20.57,3.36,13.53,11.43,11.23,7.88,20.92,10.26,14.99,9.37
27,CHOCÓ,27135,EL CANTÓN DEL SAN PABLO,,,1.35,12,48,,25,52,63,133,68,58,29,50,47.82,34.76,11.73,5.51,,,19.22,22.04,29.42,33.65
27,CHOCÓ,27250,EL LITORAL DEL SAN JUAN,,,,1.26,1.98,3,11,102,24,60,36,144,67,120,37.98,98.35,184.52,138.36,59.41,50.94,63.54,81.93,100.76,87.44
27,CHOCÓ,27361,ISTMINA,,,57,36,196,210,205,425,497,847,684,760,369,517,303.11,476.71,743.05,577.36,228.85,200.15,462.79,311.83,390.34,333.49
27,CHOCÓ,27372,JURADÓ,,,,,,,,,,13,18,9,9,,,,,,,,,,,
27,CHOCÓ,27413,LLORÓ,,,,,,,,,,10,,4,,,,,1.37,,,4.16,13.54,7.96,2.09,4.64
27,CHOCÓ,27425,MEDIO ATRATO (Beté),,,,,,,,,,4,3,4,,,,,,,,,,,,
27,CHOCÓ,27430,MEDIO BAUDÓ (Boca de Pepé),,,4.23,11,68,24,77,228,254,333,352,606,177,231,134.81,68.85,64.52,43.42,36.61,39.79,161.45,170.15,315.42,345.77
27,CHOCÓ,27450,MEDIO SAN JUAN (Andagoya),,,,,,,,,,,,305,192,153,304.9,136.34,305.05,224.96,81.23,82.53,249.03,218.32,358.11,333.77
27,CHOCÓ,27491,NÓVITA,,,93,30,90,237,76,215,190,249,464,165,91,53,78.94,75.26,162.33,130.29,69.32,61.85,143.69,133.92,135.52,112.16
27,CHOCÓ,27495,NUQUÍ,,,,2,5,2,8,23,19,13,12,33,3,6,,,,,,,,,,
27,CHOCÓ,27001,QUIBDÓ,,,,,2.97,3,3,7,42,26,14,25,11,2,5.76,3.75,7.16,3.52,5.07,12.59,26.06,27.05,46.42,27.71
27,CHOCÓ,27580,RÍO IRÓ (Santa Rita),,,,,,,,,,,,12,12,13,14.05,7.9,27.68,16.33,6.48,9.86,26.31,16.46,39.71,27.12
27,CHOCÓ,27600,RÍO QUITO (Paimadó),,,,9,21,,22,9,,30,16,16,3,3,2.59,,,,,,10.51,3.43,9.48,7.5
27,CHOCÓ,27615,RIOSUCIO,354,,,,,,,,75,243,86,196,130,40,90.7,35.75,113.87,104.01,148.83,155.65,1036.14,1055.78,1643.64,1574.46
27,CHOCÓ,27660,SAN JOSÉ DEL PALMAR,,,,,,,7,94,57,107,104,43,92,47,44.43,323.42,392.52,391.55,180.85,253.79,1040.35,1614.01,1477.67,1383.53
27,CHOCÓ,27745,SIPÍ,,,76,127,150,248,28,74,122,191,130,125,106,99,91.25,217.9,258,246.96,110.08,168.38,382.06,470.09,428.57,418.79
27,CHOCÓ,27787,TADÓ,,,,2,1.53,,,5,,,4,3,2,3,5.51,3.16,2.71,,,,,,,
27,CHOCÓ,27800,UNGUÍA,,,,,,,,,,29,6,4,31,14,75.87,20.66,34.68,28.26,12.67,175.24,417.48,425.3,525.76,583.33
27,CHOCÓ,27810,UNIÓN PANAMERICANA (Ánimas),,,,2.07,1.41,,,,,,1,,,,,,,,,,,,,
23,CÓRDOBA,23350,LA APARTADA,6.56,,,,,,,,,,,,,,,,,,,,,,,
23,CÓRDOBA,23466,MONTELÍBANO,40.55,66,232.66,428,1021,376,360,621,681,835,240,224,43,77,186.65,573.86,1181.13,974.04,540.63,762.04,1143.27,1054.73,1295,907.37
23,CÓRDOBA,23580,PUERTO LIBERTADOR,270.78,141,193,339,978,447,1084,464,728,579,243,214,36,64,207.45,570.62,1412.22,1013.93,855.85,1148.96,1374.26,1318.84,1539.12,1392.53
23,CÓRDOBA,23682,SAN JOSÉ DE URÉ,,,,,,,,,,,,99,13,42,97.97,231.94,552.7,441.7,340.85,514.16,575.76,520.37,694.76,676.85
23,CÓRDOBA,23807,TIERRALTA,322.01,178,399,669,1124,389,414,624,1360,2474,604,509,341,376,858.62,1290.07,1629.68,2201.26,1140.24,1319.84,2379.48,3451.51,3872.97,3589.82
23,CÓRDOBA,23855,VALENCIA,,,13.04,99,13,4,,1,12,1,1,,6,1,12.31,1.8,4.71,5.48,4.29,3.82,7.65,18.34,23.72,18.68
25,CUNDINAMARCA,25148,CAPARRAPÍ,,,,,,3,4,,,1,1,,,,,,,,,,,,,
25,CUNDINAMARCA,25518,PAIME,,,12,4,,2,2,,,,,,,,,,,,,,,,,
25,CUNDINAMARCA,25823,TOPAIPÍ,,,5.94,8,,2,1,,,,,,,,,,,,,,,,,
25,CUNDINAMARCA,25885,YACOPÍ,1.62,57,39,60,56,113,124,12,,31,17,,,,,,,,,,,,,
94,GUAINÍA,94343,BARRANCO MINA (Cor. Departamental),363.81,232,405,342,396,362,308,155,275,122,89,67,30,11,4.34,2.28,,,,,,,,
94,GUAINÍA,94001,INIRIDA,276,247,137,134,182,186,150,187,114,147,135,105,27,19,,,,,,,,,,
94,GUAINÍA,94663,MAPIRIPANA (Cor. Departamental),,,,,,,,,,,,50,19,28,16.71,3.46,3.72,,,,,,,
94,GUAINÍA,94888,MORICHAL (Morichal Nuevo) (Cor. Departamental),221,114,162,185,117,164,102,117,77,93,66,62,4,3,15.68,15.87,26.82,41.22,22.27,19.15,48.69,36.92,41.69,27.82
94,GUAINÍA,94887,PANÁ PANÁ (Campo Alegre) (Cor. Departamental),68,38,7,43,38,27,28,40,30,29,28,12,1,2,,,,,,,,,,
94,GUAINÍA,94884,PUERTO COLOMBIA (Cor. Departamental),191,117,15,17.28,19,14,35,126,42,55,,5,,3,,,,,,,,,,
95,GUAVIARE,95015,CALAMAR,4966.03,4297,2172,1186,1175,1497,1147,808,721,546,862,458,399,614,455.19,542.29,416.39,241.84,144.52,189.29,202.59,190.3,158.58,165.84
95,GUAVIARE,95025,EL RETORNO,4230.99,4458,5070,3183,2648,2799,3272,2415,2371,1732,1701,1028,1314,1600,1615.35,2191.55,1405.66,1545.09,1194.71,1265.32,1648.79,2191.86,2182.28,2129.58
95,GUAVIARE,95200,MIRAFLORES,11777.05,14606,2248,1646,1704,1382,1699,1263,2325,1719,2590,1391,1780,1922,1851.54,2297.16,1699.29,1378.4,1021.83,1060.44,1297.25,1115.97,1032.04,1149.73
95,GUAVIARE,95001,SAN JOSÉ DEL GUAVIARE,3089.5,4019,6673,3755,3131,3799,3181,2143,2907,1704,1686,973,1232,1522,1501.04,1806.99,1401.33,1174.63,757.79,711.6,1286.59,1436.58,1597.45,1575.9
44,LA GUAJIRA,44090,DIBULLA,193.71,349,275.31,556,327,166,87,160,163,132,16,10,6,,,,1.69,1.61,,,,,,
44,LA GUAJIRA,44001,RIOHACHA,,5,0.21,,2,,,,,2,,,,,,,,,,,,,,
47,MAGDALENA,47053,ARACATACA,,,,,,,,,22,36,13,6,1,1,2.09,,,,,,,,,
47,MAGDALENA,47189,CIÉNAGA,11.67,1,45.13,6,,13,1,23,4,20,3,3,,,,,,,,,,,,
47,MAGDALENA,47288,FUNDACIÓN,,,,,,,,,15,,,,1,,,,,,,,,,,
47,MAGDALENA,47001,SANTA MARTA (Distrito Turístico Cultural e Histórico),438.58,643,439,700,213,258,277,368,111,65,30,28,35,8,4.72,34.93,7.88,12.45,6.88,2.07,2.49,3,2.2,3.31
50,META,50350,LA MACARENA,4203.06,2084,1033,1422,660,574,565,218,189,186,151,228,307,1431,1333.11,1635.22,1647.55,560.18,177.89,53.85,73.8,77,167.9,143.33
50,META,50400,LEJANÍAS,,,,,,,,,,,,,,3,,,,,,,,,,
50,META,50325,MAPIRIPÁN,1805.41,2141,5368,2657,2658,3311,2230,2180,2123,1144,1109,144,437,180,235.28,338.43,315.66,231.86,134.8,130.45,284.57,445.79,537,572.72
50,META,50330,MESETAS,533.66,619,533,262,143,67,56,62,19,7,,29,37,79,78.5,104.19,86.72,45.15,,,,,,
50,META,50450,PUERTO CONCORDIA,147.16,299,769,943,363,439,182,75,82,76,91,70,49,82,50.25,63.87,77.84,35.02,18.99,14.02,14.21,30.87,46.83,49.04
50,META,50568,PUERTO GAITÁN,111.41,147,641,1518,168,214,231,386,212,181,122,86,7,3,,,,,,,,,,
50,META,50577,PUERTO LLERAS,45.78,102,171,1261,1511,578,494,134,30,13,20,31,14,8,13.35,27.39,24.15,9.32,,,,,,
50,META,50573,PUERTO LÓPEZ,,,0.27,,,,,,,,,,,,,,,,,,,,,
50,META,50590,PUERTO RICO,1701.2,2426,2437,6393,7040,3519,2658,938,860,757,883,1064,1101,1616,1619.74,1592.76,1773.19,1081.9,616.78,578.94,745.97,748.34,846.05,803.75
50,META,50683,SAN JUAN DE ARAMA,35.26,17,17.02,18,49,17,116,39,27,87,48,29,91,121,155.83,48.4,70.28,46.09,24.3,19.49,15.7,17.69,30.14,25.5
50,META,50689,SAN MARTÍN,,3,7.1,161,8,23,1,,,,19,,,,,,,,,,,,,
50,META,50370,URIBE,880.21,452,481,632,264,32,61,6,8,36,72,110,49,182,162.77,202.29,108.77,78.44,4.62,10.84,,,,
50,META,50711,VISTAHERMOSA,1283.23,929,1357,3473,4441,2289,3792,1487,745,521,524,908,806,1337,1353.19,1451.32,1473.05,856.63,488.19,427.27,505.57,513.93,566.36,523.06
52,NARIÑO,52036,ANCUYA,,,,,43,,17,2,3,,,,,3,21,24.25,45.6,24.63,16.31,14.89,56.07,57.73,39.96,39.29
52,NARIÑO,52079,BARBACOAS,713.7,2187,2767,1469,1920,1460,1586,3080,2928,3433,3193,1815,1511,1330,2453.49,3359.37,4590.5,3516.29,3138.09,2569.39,3463.17,3773.06,4367.78,4661.69
52,NARIÑO,52110,BUESACO,,,,,,,,,,,,4,,,,,,,,,,,,
52,NARIÑO,52207,CONSACÁ,,,,,5,,,,,,,,,,,,,,,,,,,
52,NARIÑO,52210,CONTADERO,2,,,,,,,,,,,,,,,,,,,,,,,
52,NARIÑO,52215,CÓRDOBA,1,,,,,,,,,,,,,,,,,,,,,,,
52,NARIÑO,52227,CUMBAL,,,,,,2,,,,,,,,,,,,,,,,,,
52,NARIÑO,52233,CUMBITARA,3,140,301,127.2,329,483,452,250,451,221,194,97,115,107,209.49,527.3,666.8,778.23,684.38,504.04,1387.76,1211.68,1164.3,1448.57
52,NARIÑO,52250,EL CHARCO,984.49,798,699,649,741,741,1728,2202,1130,748,1080,702,1020,1263,1417.79,2819.91,4630.67,5147.73,5318.32,4674.02,8952.35,8694.67,9257.95,8799.73
52,NARIÑO,52254,EL PEÑOL,,,,,,,91,,19,86,,,1,23,34.9,51.17,97.31,55.8,50.42,36.62,79.38,72.56,65.99,70.41
52,NARIÑO,52256,EL ROSARIO,28.23,102,230,221,508,372,434,273,290,253,203,169,127,133,244.55,573.94,765.36,842.49,782.2,659.08,1576.82,1463.36,1470.12,1623.34
52,NARIÑO,52260,EL TAMBO,,,,,7,,13,2,4,65,,,1,20,114.28,97.62,176.28,98.48,60.07,47.69,115.58,98.87,50.87,29.89
52,NARIÑO,52520,FRANCISCO PIZARRO (Salahonda),37.42,45,16,107,153,192,501,407,189,189,207,59,61,66,91.8,157.38,258.1,304.75,347.51,316.37,501.53,537.65,563.88,508.28
52,NARIÑO,52356,IPIALES,1130.45,350,212,520,629,357,123,215,192,139,247,162,370,664,887.49,1132.06,1273.67,928.49,1204.24,967.25,1282.11,1815.79,1974.54,2031.66
52,NARIÑO,52381,LA FLORIDA,,,,,,,,,,,,,,3,30.06,51.43,83.95,39.87,22.73,14.3,40.87,55.72,35.47,1.23
52,NARIÑO,52385,LA LLANADA,,12,5.88,,1,4,,7,35,24,3,5,3,28,53.35,83.82,146.45,142.47,103.92,86.54,142.44,139.41,130.8,112.81
52,NARIÑO,52390,LA TOLA,15,29,1.89,94,27,75,184,164,465,139,63,31,41,78,120.36,119.83,292.3,280.36,279.54,263.19,661.19,527.11,619.75,583.25
52,NARIÑO,52405,LEIVA,10,,41,40,58,,185,66,24,36,35,7,2,11,39.73,212.79,279.18,290.17,272.01,273.54,642.48,580.08,618.59,554.34
52,NARIÑO,52411,LINARES,,,,,43,,22,5,11,96,15,100,52,122,262.52,284.66,558.06,504.71,419.55,368.25,568.55,544.84,503.47,500.66
52,NARIÑO,52418,LOS ANDES (Sotomayor),,,,,,1,81,2,18,103,33,26,55,93,166.25,177.57,364.39,294.95,261.89,202.48,446.07,386.42,339.76,335.64
52,NARIÑO,52427,MAGÜÍ (Payán),1693.61,2398,3532,2175,2139,1002,2593,2240,1323,1207,1563,494,478,586,861.96,1273.22,1716.95,2023.63,2148.19,2123.03,3363.19,3747.99,4003.32,4443.13
52,NARIÑO,52435,MALLAMA (Piedrancha),,,0.07,,,,1,3,,,,,,,,,1.16,18.12,16.32,13.21,20.81,18.01,23.48,20.04
52,NARIÑO,52473,MOSQUERA,33.97,119,55,289,38,34,188,140,129,84,222,76,115,118,159.05,239.9,218.44,227.25,199.71,249.87,474.07,376.23,429,455.89
52,NARIÑO,52490,OLAYA HERRERA (Bocas de Satinga),14,690,506,575,517,870,1972,1286,1452,612,1104,712,719,1445,2173.01,2572.72,3355.53,3504.58,3561.9,2898.08,6040.57,4994.15,5530.87,5360.95
52,NARIÑO,52540,POLICARPA,15,29,215,236,212,545,773,221,389,235,202,165,301,199,326.09,733.27,960.41,936.4,794.31,646.18,1471.86,1291.86,1368.41,1692.49
52,NARIÑO,52573,PUERRES,1,1,,,,,,,,,,,,,,,,,,,,,,
52,NARIÑO,52612,RICAURTE,8,23,15.92,93,1,52,53,6,67,75,68,61,106,93,125.81,333,784.16,808.56,640.93,565.27,839.1,810.06,846.59,806.58
52,NARIÑO,52621,ROBERTO PAYÁN (San José),1048.21,2361,3509,2409,2265,1011,2896,2336,1539,1585,2058,460,858,1147,1938.22,2404.27,2733.71,2852.94,2990.16,2940.45,3059.39,4869.69,5407.83,5949.63
52,NARIÑO,52678,SAMANIEGO,,5,8.94,,7,46,24,120,281,531,551,226,336,402,742.71,1394.6,869.33,856.85,701.62,576.36,773.87,676.78,757.91,784.19
52,NARIÑO,52693,SAN PABLO,,,3.91,,,1,,,,,,,,,,,,,,,,,,
52,NARIÑO,52683,SANDONÁ,,,,,15,11,,,,,,,,1,4.64,8.28,16.13,8.82,7,7.34,22.59,33.95,16.01,6.08
52,NARIÑO,52696,SANTA BÁRBARA (Iscuandé),232.7,258,274,345,213,1303,700,706,802,615,587,294,279,368,283.68,785.28,530.17,560.34,486.34,426.76,1595.08,1571.38,1650.11,1680.56
52,NARIÑO,52699,SANTA CRUZ (Guachavés),,,,,,,,14,4,11,10,3,14,19,33.02,61.79,803.08,809.55,626.34,474.26,829.93,677.54,753.49,747.08
52,NARIÑO,52835,TUMACO,1421.36,5585,5234,4806,4004,7045,5642,5865,4682,5464,5593,5065,6612,8963,16960.24,23147.95,19516.93,16046.85,11830.26,8832.92,18109.11,20719.9,22999.56,31300.41
54,NORTE DE SANTANDER,54003,ÁBREGO,,,,7,,,,,8,,15,20,13,17,22.12,24.03,65.45,73.29,84.43,114.46,88.82,87.41,82.31,248.51
54,NORTE DE SANTANDER,54109,BUCARASICA,,,20,,,3,2,3,,,6,5,3,3,,,3.82,10.64,18.48,41.24,4.87,15.86,5.95,5.52
54,NORTE DE SANTANDER,54128,CÁCHIRA,,,,,,,2,71,51,37,164,38,16,15,10.32,15.42,,,,,,,,
54,NORTE DE SANTANDER,54206,CONVENCIÓN,13.41,33,39,181,15,15,41,54,225,68,180,356,999,553,855.88,890.62,1315.66,1686.74,2018,2307.93,2004.46,1914.61,2034.35,1847.67
54,NORTE DE SANTANDER,54001,CÚCUTA,34.05,47,43.08,17,,,,1,38,10,32,38,61,33,55.96,280.97,323.11,316.89,368.82,373.01,478.86,426.76,492.54,549.2
54,NORTE DE SANTANDER,54245,EL CARMEN,4.39,24,102,212,,5,58,285,215,86,212,222,871,436,568.84,664.27,758.44,702.19,1156.82,1181.89,887.6,817.8,874.96,922.7
54,NORTE DE SANTANDER,54250,EL TARRA,589.64,524,544,783,219,104,764,480,314,217,410,566,662,809,2074.54,3682.7,4300.6,4916.63,5724.83,5916.4,6248.08,6390.46,6864.19,7664.58
54,NORTE DE SANTANDER,54261,EL ZULIA,13.37,36,26.11,22,,,,17,10,2,41,18,25,13,14.07,94.1,134.14,152.03,167.66,160.87,220.16,199.19,189.36,202.86
54,NORTE DE SANTANDER,54344,HACARÍ,21.71,9,14.74,74,30,15,,,,1,48,59,51,103,152.46,214.94,386.77,402.71,583.99,572.5,531.94,580.87,824.39,1167.26
54,NORTE DE SANTANDER,54385,LA ESPERANZA,,1,,,,,64,121,73,61,92,45,30,7,8.84,11.91,2.02,2.4,5.13,4.86,4.72,,,
54,NORTE DE SANTANDER,54398,LA PLAYA,,,,,,,,,1,,26,4,,15,5.41,6.13,25.59,26.83,42.37,32.71,25.99,26.78,29.69,73.16
54,NORTE DE SANTANDER,54418,LOURDES,,,4.99,,,3,,,,,3,1,,,,,,,,,,,,
54,NORTE DE SANTANDER,54498,OCAÑA,,,,,,,,,,,,,1,4,6.97,9.04,10.62,42.12,47.73,17.57,24.24,16.48,9.35,6.67
54,NORTE DE SANTANDER,54670,SAN CALIXTO,19.56,9,13.26,136,25,13,34,62,42,,66,134,208,181,736.53,445.04,640.32,765.34,1130.19,1206.77,965.93,959.31,1173.85,1086.14
54,NORTE DE SANTANDER,54720,SARDINATA,586.05,793,864,158,47,26,93,463,245,193,1125,723,837,1078,865.94,3847.36,4112.41,5487.34,6515.98,4602.98,5135.03,4727.37,4299.81,5162.64
54,NORTE DE SANTANDER,54800,TEORAMA,679.19,217,393,200,84,42,186,296,509,271,298,628,663,680,1770.15,1856.7,2479.63,2915.98,3953.83,4216.63,3714.85,3790.4,3956.28,3890.86
54,NORTE DE SANTANDER,54810,TIBÚ,9677.49,6340,2398,1266,424,262,702,1033,982,943,772,1658,1905,2997,4379.08,12787.38,13685.69,16096.74,19892.71,19333.88,22229.6,22081.53,23029.68,25911.23
54,NORTE DE SANTANDER,54820,TOLEDO,80.11,9,8.92,,,,,,,,,,,,,,,,,,,,,
86,PUTUMAYO,86001,MOCOA,112,122,91,27.04,69,145,142,97,37,15,48,107,49,105,106.88,111.2,76.23,70.14,77.08,18.22,44.97,91.63,109.44,109.74
86,PUTUMAYO,86320,ORITO,7629.19,1442,352,516,523,1153,1740,1269,583,556,1086,428,784,1639,2189.8,2987.87,3969.91,3949.26,3073.3,2212.62,4421.85,8085.63,8731.71,7668.73
86,PUTUMAYO,86568,PUERTO ASÍS,8679.57,2898,1527,543,1414,2509,4531,2627,1225,1551,2735,1463,2150,4437,6052.03,7453.44,9664.6,7657.88,6809.74,5701.55,7469.92,11504,11725.95,9893.39
86,PUTUMAYO,86569,PUERTO CAICEDO,2340,709,210,141,330,547,929,449,326,281,854,526,682,1046,1481.21,1782.14,2998.37,2905.02,2616.56,1929.34,2727.81,4658.12,4882.56,4103.44
86,PUTUMAYO,86571,PUERTO GUZMÁN,4184.77,2494,2297,1050,1928,2118,1827,1077,794,623,1413,656,624,915,1298.66,1584.84,2029.9,2014.05,1749.87,1063.81,1457.47,2724.4,2764.67,2450.31
86,PUTUMAYO,86573,PUERTO LEGUÍZAMO,3831.27,3187,1454,1275,2546,2562,1530,1653,1150,1044,1696,1218,1077,1276,1804.8,1992.38,1403.95,1104.11,1651.81,1390.14,1924.43,4285.46,3900.26,2831.83
86,PUTUMAYO,86757,SAN MIGUEL (La Dorada),4041.29,903,600,194.4,661,756,867,481,263,136,499,416,659,1094,2338.17,3128.4,3553.66,3329.07,3752.43,3603.69,4106.15,6439.95,6723.4,6410.95
86,PUTUMAYO,86760,SANTIAGO,11,8,,,3,6,,8,3,3,,2,4,6,4.64,5.28,,,,,,,,
86,PUTUMAYO,86865,VALLE DEL GUAMUEZ (La Hormiga),9269.25,1553,850,471,1033,1896,2334,1319,583,335,1010,644,1093,2050,3660.05,4885.79,4132.44,3362.77,3539.45,3353.95,4694.37,7958.61,9192.61,8968.19
86,PUTUMAYO,86885,VILLAGARZÓN,952.06,410,178,169,456,561,913,678,353,241,611,688,545,1041,1131.39,1231.07,1759.91,2015.26,1702.67,712.86,1358.24,2286.63,2312.09,2036.74
68,SANTANDER,68020,ALBANIA,,5,,2.07,,,,,,,,,,,,,,,,,,,,
68,SANTANDER,68092,BETULIA,,,,62,54,10,35,,,,,,,,,,,,,,,,,
68,SANTANDER,68101,BOLÍVAR,92.55,101,307,487,393,284,742,690,272,165,159,30,28,5,4.62,14.58,6.82,3.63,,,3.04,6.04,15.69,41.91
68,SANTANDER,68176,CHIMA,,10,,,,,,,,,,,,,,,,,,,,,,
68,SANTANDER,68190,CIMITARRA,26.89,120,96,157,84,66,100,330,159,106,45,9,2,,,,3.04,1.55,,,4.68,6.35,2.23,7.75
68,SANTANDER,68209,CONFINES,,1,,,,,,,,,,,,,,,,,,,,,,
68,SANTANDER,68211,CONTRATACIÓN,,,,,,,,,5,,,,,,,,,,,,,,,
68,SANTANDER,68235,EL CARMEN,,18,,,3,8,4,3,17,,,2,,,1.16,4.92,4.51,2.84,,,,,,
68,SANTANDER,68250,EL PEÑÓN,3,,18.27,24,21,32,8,36,23,14,3,,,1,,,,2.24,,,,,,
68,SANTANDER,68255,EL PLAYÓN,,,,,,,,10,14,12,60,2,5,5,2.56,,,,,,,,,
68,SANTANDER,68271,FLORIÁN,,,8.92,7,,6,6,,,,,,,,,,,,,,,,,
68,SANTANDER,68322,GUAPOTÁ,,,,1,,,,,,,,,,,,,,,,,,,,
68,SANTANDER,68324,GUAVATÁ,,,,14.32,,,,,,,,,,,,,,,,,,,,
68,SANTANDER,68377,LA BELLEZA,22.06,25,25.56,96,73,96,53,94,72,31,77,7,3,1,,,,,,,,2.91,10.28,22.2
68,SANTANDER,68397,LA PAZ,,,4.98,1,,,,,10,,,,,,,,,,,,,,,
68,SANTANDER,68385,LANDÁZURI,12.65,43,0.91,23.18,77,107,63,126,75,78,34,14,1,1,,,,,,,,,,
68,SANTANDER,68524,PALMAS DEL SOCORRO,,1,,,,,,,,,,,,,,,,,,,,,,
68,SANTANDER,68573,PUERTO PARRA,,19,2.79,5,28,16,44,41,21,27,16,5,,,,,,,,,,,,
68,SANTANDER,68615,RIONEGRO,,1,,,,,,3,21,23,51,2,5,2,1.98,2.24,5.68,,1.21,1.44,,,,
68,SANTANDER,68655,SABANA DE TORRES,,,,,,,8,,,,,,,,,,,,,,,,,
68,SANTANDER,68689,SAN VICENTE DE CHUCURÍ,,,,18.81,27,4,23,,1,,,,,,,,,,,,,,,
68,SANTANDER,68720,SANTA HELENA DEL OPÓN,,45,18,21,2,7,14,2,38,48,35,5,3,2,4.92,10.82,3.86,6.24,1.18,1.68,2.4,,,
68,SANTANDER,68745,SIMACOTA,,19,33,20,1,7,13,7,5,35,10,1,1,,,4.68,6.08,4.08,,,,,,
68,SANTANDER,68755,SOCORRO,,2,,,,,,,,,,,,,,,,,,,,,,
68,SANTANDER,68773,SUCRE,3,55,109,173,199,205,204,449,191,95,86,31,26,7,3.39,,,,,,,,,1.63
68,SANTANDER,68861,VÉLEZ,,,7.29,12.18,19,18,8,,29,39,19,2,3,1,2.03,,,,,,,,,
76,VALLE DEL CAUCA,76100,BOLÍVAR,,,,0.97,18,75,2,17,1,15,52,14,23,5,16.18,31.24,75.42,80.85,17.39,24.76,77.41,156.18,116.82,89.84
76,VALLE DEL CAUCA,76109,BUENAVENTURA,186.35,66,32,44,10,149,400,1651,794,558,842,422,338,539,627.86,680.47,1030.16,987.23,918.49,907.79,1273.69,1301.22,1345.68,1433.18
76,VALLE DEL CAUCA,76001,CALI,,,,,,,,2,,,,,,,,,,,,,,,,
76,VALLE DEL CAUCA,76126,CALIMA (El Darién),,,5,,,57,51,386,134,92,73,46,31,16,24.36,33.55,43.6,44.93,14.54,13.56,45.1,48.77,45.1,55.58
76,VALLE DEL CAUCA,76233,DAGUA,,34,,,,,,8,,,14,,6,1,3.14,3.03,45.82,36.61,58.64,38.72,33.93,48.86,58.87,58.13
76,VALLE DEL CAUCA,76364,JAMUNDÍ,,11,,,,,,25,,,,,,,18.44,3.64,61.56,116.92,1319.94,953.03,1159.51,1083.89,1795.34,2014.9
76,VALLE DEL CAUCA,76834,TULUÁ,,,,,,,,,,,,,,,,,4.75,4.02,,,,,,
97,VAUPÉS,97161,CARURÚ,1279.8,1125,827,638,386,189,157,168,63,60,100,105,125,92,31.03,96.66,105.46,64.74,25.95,39.33,28.81,17.05,14.04,8.66
97,VAUPÉS,97001,MITÚ,380.52,269,230,389,262,259,125,331,190,424,111,125,54,16,1.61,,,,,,,,,
97,VAUPÉS,97511,PACOA (Cor. Departamental),36.42,20,34.95,,1,3,16,27,78,183,60,15,,,,,,,,,,,,
97,VAUPÉS,97777,PAPUNAUA (Cor. Departamental),73.02,58,7.89,33,21,9,5,26,15,27,1,6,4,1,,,,,,,,,,
97,VAUPÉS,97666,TARAIRA,,,,,,,,,1,14,5,1,,,,,,,,,,,,
97,VAUPÉS,97889,YAVARATÉ (Cor. Departamental),1,14,57,23.69,1,,4,5,4,13,,2,1,,,,,,,,,,,
99,VICHADA,99773,CUMARIBO,7943.17,4846,3758,4629,7599,5470,7109,3128,3093,2705,2234,1234,710,507,683.14,699.19,652.72,549.97,245.3,120.98,310.83,282.7,343.3,252.53
99,VICHADA,99524,LA PRIMAVERA,122.7,63,60,63,227,53,108,46,35,38,30,8,3,4,,,,,,,,,,
99,VICHADA,99624,SANTA ROSALÍA,,,,,,,1,,12,,,,,,,,,,,,,,,
