cod_divipola,anio,valor,numerador,denominador
05001,2005,35.1528,,
05001,2018,22.8,,
05002,2005,43.5229,,
05002,2018,30.2,,
05004,2005,42.8325,,
05004,2018,37.4,,
05021,2005,44.3062,,
05021,2018,36.7,,
05030,2005,46.2602,,
05030,2018,27.2,,
05031,2005,48.3266,,
05031,2018,32.3,,
05034,2005,42.3028,,
05034,2018,29.9,,
05036,2005,48.7675,,
05036,2018,29.2,,
05038,2005,54.8376,,
05038,2018,38.7,,
05040,2005,62.1232,,
05040,2018,38.1,,
05042,2005,44.3633,,
05042,2018,29.8,,
05044,2005,42.8571,,
05044,2018,30.6,,
05045,2005,52.1863,,
05045,2018,32.5,,
05051,2005,63.8968,,
05051,2018,50.4,,
05055,2005,51.2775,,
05055,2018,35.9,,
05059,2005,61.0233,,
05059,2018,36.1,,
05079,2005,49.1202,,
05079,2018,25.1,,
05086,2005,48.4132,,
05086,2018,32.7,,
05088,2005,38.8805,,
05088,2018,25.4,,
05091,2005,39.8333,,
05091,2018,34.5,,
05093,2005,43.0715,,
05093,2018,32.9,,
05101,2005,42.7741,,
05101,2018,31.2,,
05107,2005,44.3662,,
05107,2018,42.8,,
05113,2005,58.7168,,
05113,2018,40.3,,
05120,2005,65.3494,,
05120,2018,46.2,,
05125,2005,43.3315,,
05125,2018,35.6,,
05129,2005,31.0657,,
05129,2018,19.6,,
05134,2005,51.4321,,
05134,2018,35.1,,
05138,2005,60.4097,,
05138,2018,40.9,,
05142,2005,44.8349,,
05142,2018,26.3,,
05145,2005,42.4622,,
05145,2018,32.4,,
05147,2005,54.9074,,
05147,2018,38.4,,
05148,2005,43.5207,,
05148,2018,21.2,,
05150,2005,50.365,,
05150,2018,34,,
05154,2005,57.4878,,
05154,2018,37.9,,
05172,2005,56.7389,,
05172,2018,39.3,,
05190,2005,45.6335,,
05190,2018,38.3,,
05197,2005,52.2574,,
05197,2018,41.5,,
05206,2005,41.2648,,
05206,2018,30.3,,
05209,2005,40.4683,,
05209,2018,39,,
05212,2005,37.4771,,
05212,2018,19.8,,
05234,2005,54.2919,,
05234,2018,40.7,,
05237,2005,40.2709,,
05237,2018,24.6,,
05240,2005,53.8597,,
05240,2018,34.1,,
05250,2005,55.435,,
05250,2018,43,,
05264,2005,42.4457,,
05264,2018,26.5,,
05266,2005,26.0271,,
05266,2018,15.6,,
05282,2005,46.931,,
05282,2018,29.3,,
05284,2005,51.6064,,
05284,2018,38.2,,
05306,2005,50.8876,,
05306,2018,35.3,,
05308,2005,45.4733,,
05308,2018,22.7,,
05310,2005,56.1956,,
05310,2018,32.2,,
05313,2005,58.7072,,
05313,2018,34.3,,
05315,2005,60.8808,,
05315,2018,37.7,,
05318,2005,42.0803,,
05318,2018,24.4,,
05321,2005,45.0709,,
05321,2018,25.8,,
05347,2005,49.5823,,
05347,2018,32.7,,
05353,2005,44.0339,,
05353,2018,35.1,,
05360,2005,29.6654,,
05360,2018,19.1,,
05361,2005,41.9823,,
05361,2018,39.2,,
05364,2005,41.527,,
05364,2018,27.2,,
05368,2005,47.4974,,
05368,2018,30.2,,
05376,2005,34.546,,
05376,2018,18.2,,
05380,2005,31.6057,,
05380,2018,16.1,,
05390,2005,45.8312,,
05390,2018,23.8,,
05400,2005,39.0924,,
05400,2018,23.3,,
05411,2005,53.5537,,
05411,2018,42,,
05425,2005,47.8072,,
05425,2018,30.2,,
05440,2005,41.962,,
05440,2018,25.9,,
05467,2005,46.0668,,
05467,2018,33.3,,
05475,2005,61.3497,,
05475,2018,55.3,,
05480,2005,53.2623,,
05480,2018,39,,
05483,2005,49.5327,,
05483,2018,34.4,,
05490,2005,66.1108,,
05490,2018,50.1,,
05495,2005,55.3348,,
05495,2018,38.7,,
05501,2005,54.6261,,
05501,2018,34,,
05541,2005,50.1378,,
05541,2018,31.3,,
05543,2005,49.6568,,
05543,2018,32.5,,
05576,2005,46.1072,,
05576,2018,36.9,,
05579,2005,47.2466,,
05579,2018,31.1,,
05585,2005,52.1368,,
05585,2018,37.1,,
05591,2005,54.3172,,
05591,2018,30.5,,
05604,2005,47.0323,,
05604,2018,34,,
05607,2005,33.0598,,
05607,2018,16.5,,
05615,2005,31.7218,,
05615,2018,22.8,,
05628,2005,62.2881,,
05628,2018,47.9,,
05631,2005,28.4656,,
05631,2018,14.7,,
05642,2005,48.2832,,
05642,2018,28.6,,
05647,2005,51.3629,,
05647,2018,38.3,,
05649,2005,52.5656,,
05649,2018,38.7,,
05652,2005,52.2979,,
05652,2018,39.7,,
05656,2005,53.7467,,
05656,2018,32.6,,
05658,2005,45.7071,,
05658,2018,33.9,,
05659,2005,70.5822,,
05659,2018,54.5,,
05660,2005,44.753,,
05660,2018,35.2,,
05664,2005,46.5256,,
05664,2018,33.7,,
05665,2005,65.7679,,
05665,2018,48.8,,
05667,2005,52.8575,,
05667,2018,35.1,,
05670,2005,49.8348,,
05670,2018,35.2,,
05674,2005,50.029,,
05674,2018,29.7,,
05679,2005,48.9332,,
05679,2018,27.5,,
05686,2005,43.4071,,
05686,2018,31.6,,
05690,2005,48.1283,,
05690,2018,37.7,,
05697,2005,45.3103,,
05697,2018,31.7,,
05736,2005,44.7651,,
05736,2018,32.7,,
05756,2005,49.022,,
05756,2018,31.2,,
05761,2005,51.8437,,
05761,2018,27.3,,
05789,2005,57.1492,,
05789,2018,37.2,,
05790,2005,57.0861,,
05790,2018,40.2,,
05792,2005,55.1333,,
05792,2018,33.4,,
05809,2005,53.1684,,
05809,2018,31.9,,
05819,2005,47.0769,,
05819,2018,47.1,,
05837,2005,61.3395,,
05837,2018,49.2,,
05842,2005,55.2336,,
05842,2018,38.8,,
05847,2005,49.1343,,
05847,2018,31.4,,
05854,2005,60.8708,,
05854,2018,44.3,,
05856,2005,48.4076,,
05856,2018,29.2,,
05858,2005,45.2127,,
05858,2018,38.8,,
05861,2005,45.6071,,
05861,2018,24.4,,
05873,2005,97.2637,,
05873,2018,64.4,,
05885,2005,43.6145,,
05885,2018,31.3,,
05887,2005,51.1624,,
05887,2018,38.1,,
05890,2005,47.3944,,
05890,2018,33.2,,
05893,2005,55.9736,,
05893,2018,46.6,,
05895,2005,59.7662,,
05895,2018,49.2,,
08001,2005,39.8506,,
08001,2018,29.7,,
08078,2005,65.1188,,
08078,2018,41,,
08137,2005,68.1059,,
08137,2018,66.8,,
08141,2005,87.6389,,
08141,2018,55.6,,
08296,2005,84.9527,,
08296,2018,40.5,,
08372,2005,62.1947,,
08372,2018,38,,
08421,2005,64.4916,,
08421,2018,51,,
08433,2005,59.0458,,
08433,2018,41.3,,
08436,2005,76.9913,,
08436,2018,53.2,,
08520,2005,61.9809,,
08520,2018,51,,
08549,2005,75.7126,,
08549,2018,40.9,,
08558,2005,78.014,,
08558,2018,38.2,,
08560,2005,70.4525,,
08560,2018,46.5,,
08573,2005,52.1222,,
08573,2018,28.2,,
08606,2005,69.7963,,
08606,2018,49,,
08634,2005,64.509,,
08634,2018,43,,
08638,2005,68.5655,,
08638,2018,47.4,,
08675,2005,76.9481,,
08675,2018,58.3,,
08685,2005,56.6771,,
08685,2018,34.2,,
08758,2005,43.8128,,
08758,2018,36,,
08770,2005,82.8539,,
08770,2018,45.2,,
08832,2005,60.0642,,
08832,2018,42.9,,
08849,2005,66.0861,,
08849,2018,42.9,,
11001,2005,27.4195,,
11001,2018,18.9,,
13001,2005,49.9064,,
13001,2018,36.7,,
13006,2005,62.5614,,
13006,2018,46.5,,
13030,2005,76.9834,,
13030,2018,49.9,,
13042,2005,61.4441,,
13042,2018,59.2,,
13052,2005,62.7454,,
13052,2018,42.3,,
13062,2005,96.2555,,
13062,2018,46.7,,
13074,2005,67.8671,,
13074,2018,51.8,,
13140,2005,81.1965,,
13140,2018,50,,
13160,2005,52.487,,
13160,2018,48.3,,
13188,2005,61.188,,
13188,2018,49.5,,
13212,2005,64.0441,,
13212,2018,48.2,,
13222,2005,62.4484,,
13222,2018,55.6,,
13244,2005,61.0062,,
13244,2018,41.1,,
13248,2005,60.0244,,
13248,2018,45.4,,
13268,2005,64.1661,,
13268,2018,59.7,,
13300,2005,76.2665,,
13300,2018,57.4,,
13430,2005,63.0896,,
13430,2018,46.5,,
13433,2005,63.2484,,
13433,2018,48.4,,
13440,2005,85.5544,,
13440,2018,49.9,,
13442,2005,60.1948,,
13442,2018,46.4,,
13458,2005,64.8616,,
13458,2018,36.8,,
13468,2005,67.746,,
13468,2018,43.2,,
13473,2005,56.9195,,
13473,2018,45.7,,
13490,2018,36.9,,
13549,2005,80.6164,,
13549,2018,58.5,,
13580,2005,66.8443,,
13580,2018,48.8,,
13600,2005,66.1355,,
13600,2018,49,,
13620,2005,81.9415,,
13620,2018,53.8,,
13647,2005,73.2392,,
13647,2018,43.3,,
13650,2005,84.6273,,
13650,2018,60.1,,
13654,2005,52.4664,,
13654,2018,48.2,,
13655,2005,71.3942,,
13655,2018,54.4,,
13657,2005,57.9922,,
13657,2018,39.9,,
13667,2005,75.3958,,
13667,2018,49.6,,
13670,2005,53.3093,,
13670,2018,41.1,,
13673,2005,57.2487,,
13673,2018,46.7,,
13683,2005,55.263,,
13683,2018,46.2,,
13688,2005,46.0952,,
13688,2018,34.2,,
13744,2005,55.1295,,
13744,2018,39.4,,
13760,2005,81.9329,,
13760,2018,45.3,,
13780,2005,67.9167,,
13780,2018,51.8,,
13810,2005,74.6515,,
13810,2018,47.2,,
13836,2005,57.2111,,
13836,2018,37.2,,
13838,2005,84.3402,,
13838,2018,50,,
13873,2005,63.3493,,
13873,2018,38.8,,
13894,2005,59.5187,,
13894,2018,48.1,,
15001,2005,41.3352,,
15001,2018,27.7,,
15022,2005,61.8351,,
15022,2018,51.3,,
15047,2005,48.2476,,
15047,2018,36.7,,
15051,2005,52.8065,,
15051,2018,23.9,,
15087,2005,54.6821,,
15087,2018,40.3,,
15090,2005,56.7568,,
15090,2018,58.4,,
15092,2005,74.8614,,
15092,2018,60.7,,
15097,2005,61.1235,,
15097,2018,53.3,,
15104,2005,64.7914,,
15104,2018,48.1,,
15106,2005,43.2392,,
15106,2018,37.7,,
15109,2005,56.463,,
15109,2018,35.3,,
15114,2005,59.8131,,
15114,2018,55.8,,
15131,2005,68.8363,,
15131,2018,54.7,,
15135,2005,49.0583,,
15135,2018,49.3,,
15162,2005,72.1461,,
15162,2018,46.1,,
15172,2005,53.6989,,
15172,2018,56.2,,
15176,2005,46.1382,,
15176,2018,29.2,,
15180,2005,60.4354,,
15180,2018,68.9,,
15183,2005,73.9661,,
15183,2018,71.5,,
15185,2005,48.4425,,
15185,2018,32.7,,
15187,2005,65.4718,,
15187,2018,57.3,,
15189,2005,51.6296,,
15189,2018,38.8,,
15204,2005,65.3411,,
15204,2018,41.9,,
15212,2005,47.4932,,
15212,2018,25.3,,
15215,2005,46.0059,,
15215,2018,47.2,,
15218,2005,54.7419,,
15218,2018,63.3,,
15223,2005,67.0022,,
15223,2018,68,,
15224,2005,53.0608,,
15224,2018,38.7,,
15226,2005,69.9809,,
15226,2018,52.2,,
15232,2005,60.0149,,
15232,2018,43.2,,
15236,2005,50.087,,
15236,2018,58.3,,
15238,2005,35.225,,
15238,2018,27.9,,
15244,2005,51.173,,
15244,2018,60.2,,
15248,2005,61.1111,,
15248,2018,52.6,,
15272,2005,51.7262,,
15272,2018,38.4,,
15276,2005,66.3175,,
15276,2018,60.2,,
15293,2005,62.8402,,
15293,2018,39.4,,
15296,2005,65.479,,
15296,2018,52.8,,
15299,2005,47.7051,,
15299,2018,35.8,,
15317,2005,70.5491,,
15317,2018,49.2,,
15322,2005,43.9564,,
15322,2018,29.7,,
15325,2005,49.2214,,
15325,2018,41,,
15332,2005,65.2954,,
15332,2018,51.5,,
15362,2005,42.6117,,
15362,2018,42,,
15367,2005,65.5525,,
15367,2018,49.2,,
15368,2005,62.9252,,
15368,2018,77.6,,
15377,2005,53.2051,,
15377,2018,47.2,,
15380,2005,37.3896,,
15380,2018,45.5,,
15401,2005,63.0695,,
15401,2018,28,,
15403,2005,67.3133,,
15403,2018,63.7,,
15407,2005,38.5896,,
15407,2018,19.8,,
15425,2005,55.2613,,
15425,2018,37.3,,
15442,2005,45.4201,,
15442,2018,52.1,,
15455,2005,59.7439,,
15455,2018,32.1,,
15464,2005,55.2381,,
15464,2018,64.8,,
15466,2005,56.0388,,
15466,2018,44.2,,
15469,2005,49.5231,,
15469,2018,29.2,,
15476,2005,69.7795,,
15476,2018,64.4,,
15480,2005,47.2877,,
15480,2018,39.8,,
15491,2005,44.4176,,
15491,2018,31.1,,
15494,2005,53.6264,,
15494,2018,49.1,,
15500,2005,59.3901,,
15500,2018,26.1,,
15507,2005,47.2649,,
15507,2018,31,,
15511,2005,45.8861,,
15511,2018,39.3,,
15514,2005,50.1601,,
15514,2018,43,,
15516,2005,49.3248,,
15516,2018,31.8,,
15518,2005,46.0751,,
15518,2018,29.9,,
15522,2005,57.9618,,
15522,2018,52.1,,
15531,2005,63.1536,,
15531,2018,33.7,,
15533,2005,65.3974,,
15533,2018,59.5,,
15537,2005,44.0587,,
15537,2018,35.2,,
15542,2005,58.3333,,
15542,2018,43.9,,
15550,2005,36.1345,,
15550,2018,52.8,,
15572,2005,49.9179,,
15572,2018,37.8,,
15580,2005,41.6052,,
15580,2018,72.9,,
15599,2005,56.0286,,
15599,2018,35.6,,
15600,2005,59.5915,,
15600,2018,25.8,,
15621,2005,81.5636,,
15621,2018,61,,
15632,2005,77.0568,,
15632,2018,43.3,,
15638,2005,41.2779,,
15638,2018,20.9,,
15646,2005,53.5813,,
15646,2018,29.6,,
15660,2005,46.587,,
15660,2018,52.1,,
15664,2005,53.2824,,
15664,2018,39.8,,
15667,2005,53.1713,,
15667,2018,29.6,,
15673,2005,61.415,,
15673,2018,61.1,,
15676,2005,62.243,,
15676,2018,38.4,,
15681,2005,44.0766,,
15681,2018,48,,
15686,2005,61.6266,,
15686,2018,39.4,,
15690,2005,48.8144,,
15690,2018,33.2,,
15693,2005,55.8237,,
15693,2018,45.5,,
15696,2005,49.506,,
15696,2018,33.6,,
15720,2005,66.6275,,
15720,2018,73.7,,
15723,2005,53.2394,,
15723,2018,60.8,,
15740,2005,58.6957,,
15740,2018,53.1,,
15753,2005,54.5768,,
15753,2018,38.4,,
15755,2005,62.1098,,
15755,2018,57.7,,
15757,2005,48.8798,,
15757,2018,38.8,,
15759,2005,39.3051,,
15759,2018,29.2,,
15761,2005,63.5328,,
15761,2018,51.5,,
15762,2005,60.7143,,
15762,2018,63.5,,
15763,2005,65.3741,,
15763,2018,38.3,,
15764,2005,66.1577,,
15764,2018,41.9,,
15774,2005,60.678,,
15774,2018,56.5,,
15776,2005,38.4997,,
15776,2018,32.3,,
15778,2005,54.1091,,
15778,2018,52.5,,
15790,2005,62.7894,,
15790,2018,51.5,,
15798,2005,39.369,,
15798,2018,39.7,,
15804,2005,63.3638,,
15804,2018,51.5,,
15806,2005,46.4473,,
15806,2018,33.1,,
15808,2005,51.7689,,
15808,2018,42.4,,
15810,2005,68.6314,,
15810,2018,44.5,,
15814,2005,52.3434,,
15814,2018,36.7,,
15816,2005,62.6842,,
15816,2018,43.8,,
15820,2005,47.4683,,
15820,2018,41,,
15822,2005,76.7591,,
15822,2018,53.5,,
15832,2005,45.6621,,
15832,2018,39.7,,
15835,2005,55.3511,,
15835,2018,52.8,,
15837,2005,63.974,,
15837,2018,45.9,,
15839,2005,79.8561,,
15839,2018,55.1,,
15842,2005,61.0623,,
15842,2018,49.4,,
15861,2005,60.8926,,
15861,2018,32.1,,
15879,2005,59.8942,,
15879,2018,60.8,,
15897,2005,53.2235,,
15897,2018,68,,
17001,2005,36.0556,,
17001,2018,22.9,,
17013,2005,39.6836,,
17013,2018,26,,
17042,2005,42.4584,,
17042,2018,29.5,,
17050,2005,41.6457,,
17050,2018,32.5,,
17088,2005,38.0222,,
17088,2018,31,,
17174,2005,37.8391,,
17174,2018,26.3,,
17272,2005,42.4074,,
17272,2018,30.2,,
17380,2005,49.0521,,
17380,2018,30.7,,
17388,2005,39.7366,,
17388,2018,26.8,,
17433,2005,41.0156,,
17433,2018,32,,
17442,2005,42.1651,,
17442,2018,31.2,,
17444,2005,40.3831,,
17444,2018,35.5,,
17446,2005,33.6592,,
17446,2018,28.7,,
17486,2005,47.5136,,
17486,2018,28.6,,
17495,2005,45.7396,,
17495,2018,45.3,,
17513,2005,43.2158,,
17513,2018,30,,
17524,2005,43.2213,,
17524,2018,25.6,,
17541,2005,45.6802,,
17541,2018,30.1,,
17614,2005,42.894,,
17614,2018,30.3,,
17616,2005,45.8973,,
17616,2018,27.8,,
17653,2005,46.7293,,
17653,2018,28.8,,
17662,2005,40.0081,,
17662,2018,32.5,,
17665,2005,50.869,,
17665,2018,27.4,,
17777,2005,47.407,,
17777,2018,32.6,,
17867,2005,48.5522,,
17867,2018,30.3,,
17873,2005,38.9265,,
17873,2018,23.1,,
17877,2005,50.0856,,
17877,2018,27.9,,
18001,2005,51.6182,,
18001,2018,35.4,,
18029,2005,48.26,,
18029,2018,41.6,,
18094,2005,62.5836,,
18094,2018,55.7,,
18150,2005,60.0559,,
18150,2018,48.5,,
18205,2005,59.6102,,
18205,2018,48.1,,
18247,2005,56.1578,,
18247,2018,42.8,,
18256,2005,63.0491,,
18256,2018,39.4,,
18410,2005,67.5422,,
18410,2018,40.1,,
18460,2005,67.9579,,
18460,2018,49,,
18479,2005,50.06,,
18479,2018,40.2,,
18592,2005,59.8807,,
18592,2018,45.5,,
18610,2005,56.4396,,
18610,2018,44.9,,
18753,2005,66.5683,,
18753,2018,39.5,,
18756,2005,66.1799,,
18756,2018,56.2,,
18785,2005,51.4045,,
18785,2018,40.7,,
18860,2005,55.819,,
18860,2018,48.3,,
19001,2005,40.0587,,
19001,2018,31.8,,
19022,2005,54.3239,,
19022,2018,52.4,,
19050,2005,49.5327,,
19050,2018,35.2,,
19075,2005,56.1316,,
19075,2018,35.3,,
19100,2005,53.7095,,
19100,2018,42.1,,
19110,2005,42.9302,,
19110,2018,38.7,,
19130,2005,53.5198,,
19130,2018,43.1,,
19137,2005,52.5544,,
19137,2018,45.9,,
19142,2005,52.7678,,
19142,2018,40.2,,
19212,2005,66.4044,,
19212,2018,33.6,,
19256,2005,54.7275,,
19256,2018,40,,
19290,2005,49.2345,,
19290,2018,38.2,,
19300,2018,41.9,,
19318,2005,83.9663,,
19318,2018,48.1,,
19355,2005,69.3381,,
19355,2018,53.8,,
19364,2005,57.4613,,
19364,2018,32.9,,
19392,2005,51.1057,,
19392,2018,60.3,,
19397,2005,58.0471,,
19397,2018,55.9,,
19418,2005,64.8824,,
19418,2018,70,,
19450,2005,42.9033,,
19450,2018,41.5,,
19455,2005,56.6903,,
19455,2018,31.7,,
19473,2005,47.0547,,
19473,2018,45.7,,
19513,2005,54.5022,,
19513,2018,42.8,,
19517,2005,56.7158,,
19517,2018,48,,
19532,2005,50.3817,,
19532,2018,49,,
19533,2005,57.2327,,
19533,2018,38.4,,
19548,2005,60.8409,,
19548,2018,36.5,,
19573,2005,45.0992,,
19573,2018,30.5,,
19585,2005,47.4921,,
19585,2018,38.3,,
19622,2005,50.5314,,
19622,2018,52.1,,
19693,2005,52.7578,,
19693,2018,43.6,,
19698,2005,45.9888,,
19698,2018,30,,
19701,2005,59.038,,
19701,2018,60,,
19743,2005,46.0356,,
19743,2018,35.9,,
19760,2005,61.56,,
19760,2018,38.2,,
19780,2005,53.4048,,
19780,2018,37.1,,
19785,2005,55.5717,,
19785,2018,89.1,,
19807,2005,58.2107,,
19807,2018,44.9,,
19809,2005,77.5722,,
19809,2018,54.9,,
19821,2005,38.2428,,
19821,2018,36.7,,
19824,2005,45.2438,,
19824,2018,57.9,,
19845,2005,55.9759,,
19845,2018,35.4,,
20001,2005,45.2481,,
20001,2018,39.8,,
20011,2005,51.9118,,
20011,2018,38,,
20013,2005,54.5938,,
20013,2018,44.9,,
20032,2005,75.9113,,
20032,2018,54.3,,
20045,2005,64.1681,,
20045,2018,53.1,,
20060,2005,53.8061,,
20060,2018,46.3,,
20175,2005,65.8202,,
20175,2018,49.7,,
20178,2005,54.1811,,
20178,2018,48.7,,
20228,2005,58.3689,,
20228,2018,47.7,,
20238,2005,63.8575,,
20238,2018,49.6,,
20250,2005,67.5761,,
20250,2018,52.4,,
20295,2005,58.4991,,
20295,2018,53.1,,
20310,2005,51.6856,,
20310,2018,37.6,,
20383,2005,48.4995,,
20383,2018,46.2,,
20400,2005,61.2493,,
20400,2018,43.1,,
20443,2005,56.0198,,
20443,2018,43.8,,
20517,2005,49.567,,
20517,2018,50.7,,
20550,2005,54.0089,,
20550,2018,47.4,,
20570,2005,52.5105,,
20570,2018,68.8,,
20614,2005,48.0205,,
20614,2018,39.1,,
20621,2005,54.7672,,
20621,2018,40.7,,
20710,2005,45.1581,,
20710,2018,31.3,,
20750,2005,60.1803,,
20750,2018,44.2,,
20770,2005,51.0165,,
20770,2018,42.3,,
20787,2005,69.2793,,
20787,2018,47.9,,
23001,2005,51.6528,,
23001,2018,35.3,,
23068,2005,64.0512,,
23068,2018,51.7,,
23079,2005,63.9368,,
23079,2018,56,,
23090,2005,71.4627,,
23090,2018,46.1,,
23162,2005,56.8285,,
23162,2018,40.1,,
23168,2005,72.825,,
23168,2018,59.3,,
23182,2005,63.5773,,
23182,2018,50.6,,
23189,2005,65.1284,,
23189,2018,46.5,,
23300,2005,71.946,,
23300,2018,44.1,,
23350,2005,65.2279,,
23350,2018,47.8,,
23417,2005,69.1917,,
23417,2018,44.1,,
23419,2005,72.2649,,
23419,2018,43.6,,
23464,2005,69.9901,,
23464,2018,45.6,,
23466,2005,51.3746,,
23466,2018,43.7,,
23500,2005,72.2659,,
23500,2018,56.6,,
23555,2005,61.2975,,
23555,2018,41.6,,
23570,2005,69.2937,,
23570,2018,52.3,,
23574,2005,75.0264,,
23574,2018,51.2,,
23580,2005,57.0255,,
23580,2018,51.8,,
23586,2005,72.7244,,
23586,2018,62.7,,
23660,2005,65.471,,
23660,2018,41.8,,
23670,2005,77.9064,,
23670,2018,69.5,,
23672,2005,72.5164,,
23672,2018,54,,
23675,2005,71.4462,,
23675,2018,49,,
23678,2005,65.3825,,
23678,2018,48.4,,
23682,2018,46.1,,
23686,2005,68.3398,,
23686,2018,49.6,,
23807,2005,65.0674,,
23807,2018,49,,
23815,2018,60.2,,
23855,2005,68.3599,,
23855,2018,46.1,,
25001,2005,47.5366,,
25001,2018,33.2,,
25019,2005,47.008,,
25019,2018,29,,
25035,2005,41.7377,,
25035,2018,21.9,,
25040,2005,45.8722,,
25040,2018,27.3,,
25053,2005,49.6064,,
25053,2018,25.7,,
25086,2005,53.9474,,
25086,2018,48.1,,
25095,2005,44.2683,,
25095,2018,26.4,,
25099,2005,38.2607,,
25099,2018,20.9,,
25120,2005,45.201,,
25120,2018,28.6,,
25123,2005,44.1126,,
25123,2018,24.5,,
25126,2005,28.0976,,
25126,2018,16.9,,
25148,2005,48.65,,
25148,2018,27.6,,
25151,2005,50.3008,,
25151,2018,28.8,,
25154,2005,55.0095,,
25154,2018,46.8,,
25168,2005,46.4957,,
25168,2018,44.3,,
25175,2005,26.1162,,
25175,2018,18.5,,
25178,2005,52.0209,,
25178,2018,34.5,,
25181,2005,46.3688,,
25181,2018,36.4,,
25183,2005,60.1278,,
25183,2018,30,,
25200,2005,38.3611,,
25200,2018,23.2,,
25214,2005,30.8182,,
25214,2018,17.1,,
25224,2005,53.8224,,
25224,2018,34.9,,
25245,2005,47.7846,,
25245,2018,26.9,,
25258,2005,43.6774,,
25258,2018,42.8,,
25260,2005,27.4565,,
25260,2018,17.5,,
25269,2005,27.1565,,
25269,2018,19.4,,
25279,2005,44.4929,,
25279,2018,27.8,,
25281,2005,52.8038,,
25281,2018,40.2,,
25286,2005,29.3822,,
25286,2018,18,,
25288,2005,49.7727,,
25288,2018,27.3,,
25290,2005,42.7857,,
25290,2018,26.6,,
25293,2005,57.5466,,
25293,2018,57.4,,
25295,2005,35.0469,,
25295,2018,20,,
25297,2005,51.3311,,
25297,2018,48.5,,
25299,2005,64.3192,,
25299,2018,45.7,,
25307,2005,37.7238,,
25307,2018,25.7,,
25312,2005,28.1367,,
25312,2018,20.9,,
25317,2005,56.0881,,
25317,2018,36.6,,
25320,2005,52.5989,,
25320,2018,28.5,,
25322,2005,37.1992,,
25322,2018,17.1,,
25324,2005,53.4181,,
25324,2018,51.9,,
25326,2005,48.8969,,
25326,2018,38.3,,
25328,2005,44.7935,,
25328,2018,40.9,,
25335,2005,44.8248,,
25335,2018,31.1,,
25339,2005,53.0522,,
25339,2018,29.5,,
25368,2005,39.2761,,
25368,2018,34.6,,
25372,2005,60.7239,,
25372,2018,75.4,,
25377,2005,36.5371,,
25377,2018,18.9,,
25386,2005,41.8811,,
25386,2018,21.3,,
25394,2005,46.0599,,
25394,2018,34.6,,
25398,2005,55.2317,,
25398,2018,27.4,,
25402,2005,40.0984,,
25402,2018,22.5,,
25407,2005,49.3774,,
25407,2018,41.3,,
25426,2005,62.3162,,
25426,2018,35.4,,
25430,2005,24.6963,,
25430,2018,17.7,,
25436,2005,61.276,,
25436,2018,40.5,,
25438,2005,49.8259,,
25438,2018,34.7,,
25473,2005,29.5403,,
25473,2018,18.9,,
25483,2005,65.2695,,
25483,2018,40.1,,
25486,2005,36.3007,,
25486,2018,21.4,,
25488,2005,60.1264,,
25488,2018,32.9,,
25489,2005,51.7668,,
25489,2018,27.6,,
25491,2005,38.9925,,
25491,2018,26.7,,
25506,2005,35.2283,,
25506,2018,24.4,,
25513,2005,40.0717,,
25513,2018,30.5,,
25518,2005,47.2678,,
25518,2018,43,,
25524,2005,46.142,,
25524,2018,30.4,,
25530,2005,45.9025,,
25530,2018,30.8,,
25535,2005,38.1328,,
25535,2018,24.8,,
25572,2005,44.396,,
25572,2018,38.2,,
25580,2005,44.9772,,
25580,2018,32.6,,
25592,2005,46.6563,,
25592,2018,27.5,,
25594,2005,58.7678,,
25594,2018,43.4,,
25596,2005,43.3544,,
25596,2018,33.6,,
25599,2005,45.235,,
25599,2018,32.3,,
25612,2005,46.3091,,
25612,2018,29.9,,
25645,2005,52.6981,,
25645,2018,31.6,,
25649,2005,40.3545,,
25649,2018,31.3,,
25653,2005,43.3076,,
25653,2018,25.2,,
25658,2005,55.2,,
25658,2018,28.2,,
25662,2005,46.0739,,
25662,2018,33,,
25718,2005,41.6753,,
25718,2018,24.9,,
25736,2005,39.4543,,
25736,2018,26.6,,
25740,2005,40.3636,,
25740,2018,23.8,,
25743,2005,37.7689,,
25743,2018,28.3,,
25745,2005,49.2993,,
25745,2018,31.3,,
25754,2005,35.9096,,
25754,2018,22.3,,
25758,2005,33.0467,,
25758,2018,15.7,,
25769,2005,39.523,,
25769,2018,18.7,,
25772,2005,40.9857,,
25772,2018,20.9,,
25777,2005,53.2963,,
25777,2018,25.3,,
25779,2005,57.0975,,
25779,2018,37.9,,
25781,2005,41.7781,,
25781,2018,30.2,,
25785,2005,37.4171,,
25785,2018,19.1,,
25793,2005,50.3821,,
25793,2018,37.3,,
25797,2005,54.1779,,
25797,2018,23.1,,
25799,2005,31.9745,,
25799,2018,17.8,,
25805,2005,54.0232,,
25805,2018,32,,
25807,2005,52.4475,,
25807,2018,66.6,,
25815,2005,54.4411,,
25815,2018,34.3,,
25817,2005,30.5319,,
25817,2018,17.6,,
25823,2005,50,,
25823,2018,28.1,,
25839,2005,62.9605,,
25839,2018,37.8,,
25841,2005,59.1784,,
25841,2018,34.1,,
25843,2005,41.2579,,
25843,2018,24.3,,
25845,2005,50.9679,,
25845,2018,32.7,,
25851,2005,46.3722,,
25851,2018,31.4,,
25862,2005,43.6979,,
25862,2018,44.4,,
25867,2005,48.6111,,
25867,2018,30.3,,
25871,2005,47.9239,,
25871,2018,28.2,,
25873,2005,50.188,,
25873,2018,39,,
25875,2005,35.8342,,
25875,2018,24.4,,
25878,2005,47.3168,,
25878,2018,30.4,,
25885,2005,47.3637,,
25885,2018,39.3,,
25898,2005,43.8065,,
25898,2018,24.1,,
25899,2005,31.2439,,
25899,2018,19.8,,
27001,2005,62.0924,,
27001,2018,45.4,,
27006,2005,55.0462,,
27006,2018,46.1,,
27025,2005,83.7576,,
27025,2018,83.8,,
27050,2005,95.5859,,
27050,2018,49.7,,
27073,2005,85.8124,,
27073,2018,69.1,,
27075,2005,71.1059,,
27075,2018,40,,
27077,2005,66.5664,,
27077,2018,68,,
27099,2005,84.2487,,
27099,2018,68.6,,
27135,2005,96.9811,,
27135,2018,54.4,,
27150,2005,89.9266,,
27150,2018,59.8,,
27160,2005,66.9587,,
27160,2018,50.1,,
27205,2005,48.8636,,
27205,2018,58.7,,
27245,2005,72.0482,,
27245,2018,40.9,,
27250,2005,63.7288,,
27250,2018,71.3,,
27361,2005,55.4519,,
27361,2018,45,,
27372,2005,92.2166,,
27372,2018,72.2,,
27413,2005,66.8172,,
27413,2018,62.6,,
27425,2005,94.3312,,
27425,2018,46.4,,
27430,2005,51.3854,,
27430,2018,61.6,,
27450,2005,60.7287,,
27450,2018,54,,
27491,2005,97.2738,,
27491,2018,36.1,,
27495,2005,68.7375,,
27495,2018,63.5,,
27580,2005,82.8194,,
27580,2018,71,,
27600,2005,48.7919,,
27600,2018,51.9,,
27615,2005,67.2915,,
27615,2018,50.1,,
27660,2005,66.8651,,
27660,2018,34.9,,
27745,2005,31.0436,,
27745,2018,46.6,,
27787,2005,52.2248,,
27787,2018,53.7,,
27800,2005,96.1629,,
27800,2018,50.9,,
27810,2005,94.1762,,
27810,2018,44.2,,
41001,2005,41.1875,,
41001,2018,29.8,,
41006,2005,56.6587,,
41006,2018,39.8,,
41013,2005,59.6907,,
41013,2018,47.3,,
41016,2005,66.1222,,
41016,2018,42.7,,
41020,2005,53.0249,,
41020,2018,36.2,,
41026,2005,45.069,,
41026,2018,39.9,,
41078,2005,62.0055,,
41078,2018,58.9,,
41132,2005,54.2005,,
41132,2018,33.8,,
41206,2005,47.7199,,
41206,2018,62.8,,
41244,2005,53.1501,,
41244,2018,41.5,,
41298,2005,46.5093,,
41298,2018,34,,
41306,2005,51.2646,,
41306,2018,36.9,,
41319,2005,47.6028,,
41319,2018,38.7,,
41349,2005,51.4438,,
41349,2018,35.3,,
41357,2005,53.3411,,
41357,2018,43.1,,
41359,2005,49.3734,,
41359,2018,35.8,,
41378,2005,50.8203,,
41378,2018,41.2,,
41396,2005,51.1302,,
41396,2018,39.5,,
41483,2005,45.2229,,
41483,2018,35.9,,
41503,2005,61.3503,,
41503,2018,49.4,,
41518,2005,53.5795,,
41518,2018,44,,
41524,2005,54.3819,,
41524,2018,38.1,,
41530,2005,44.3541,,
41530,2018,41.4,,
41548,2005,56.7503,,
41548,2018,36.3,,
41551,2005,55.6312,,
41551,2018,37,,
41615,2005,54.2031,,
41615,2018,36.9,,
41660,2005,62.7575,,
41660,2018,47.6,,
41668,2005,40.8178,,
41668,2018,34.1,,
41676,2005,47.3506,,
41676,2018,34,,
41770,2005,51.5607,,
41770,2018,36.8,,
41791,2005,60.1349,,
41791,2018,47.8,,
41797,2005,55.6202,,
41797,2018,43.4,,
41799,2005,61.4052,,
41799,2018,44.2,,
41801,2005,48.7988,,
41801,2018,34.6,,
41807,2005,59.0481,,
41807,2018,41.1,,
41872,2005,61.7692,,
41872,2018,46.5,,
41885,2005,57.6491,,
41885,2018,43.3,,
44001,2005,62.7365,,
44001,2018,45.2,,
44035,2005,62.7354,,
44035,2018,53,,
44078,2005,66.0105,,
44078,2018,52.3,,
44090,2005,64.7419,,
44090,2018,53.5,,
44098,2005,67.4779,,
44098,2018,54.6,,
44110,2005,63.9696,,
44110,2018,47.9,,
44279,2005,55.0691,,
44279,2018,48.2,,
44378,2005,64.2011,,
44378,2018,55.3,,
44420,2005,78.5377,,
44420,2018,47.4,,
44430,2005,72.7245,,
44430,2018,56.3,,
44560,2005,82.2509,,
44560,2018,67.1,,
44650,2005,60.4597,,
44650,2018,44.9,,
44847,2005,89.6795,,
44847,2018,75.6,,
44855,2005,66.8867,,
44855,2018,51.9,,
44874,2005,65.9333,,
44874,2018,48.9,,
47001,2005,43.4652,,
47001,2018,35.6,,
47030,2005,60.5829,,
47030,2018,49.9,,
47053,2005,66.8451,,
47053,2018,49,,
47058,2005,65.2025,,
47058,2018,38.2,,
47161,2005,60.0241,,
47161,2018,44.9,,
47170,2005,58.7658,,
47170,2018,44.6,,
47189,2005,56.44,,
47189,2018,44.6,,
47205,2005,67.5365,,
47205,2018,54.4,,
47245,2005,58.3501,,
47245,2018,44.4,,
47258,2005,65.625,,
47258,2018,48,,
47268,2005,73.9846,,
47268,2018,56.7,,
47288,2005,55.8644,,
47288,2018,46,,
47318,2005,70.4939,,
47318,2018,52.5,,
47460,2005,68.8566,,
47460,2018,44.9,,
47541,2005,75.2369,,
47541,2018,53.1,,
47545,2005,76.7317,,
47545,2018,56.6,,
47551,2005,51.3465,,
47551,2018,43.6,,
47555,2005,46.7848,,
47555,2018,38.8,,
47570,2005,68.3691,,
47570,2018,54,,
47605,2005,68.4511,,
47605,2018,39.3,,
47660,2005,56.9838,,
47660,2018,46.9,,
47675,2005,60.4384,,
47675,2018,52,,
47692,2005,72.2399,,
47692,2018,62.2,,
47703,2005,83.7288,,
47703,2018,49.9,,
47707,2005,74.6661,,
47707,2018,44.5,,
47720,2005,80.5794,,
47720,2018,49.5,,
47745,2005,57.081,,
47745,2018,65,,
47798,2005,54.7587,,
47798,2018,46.7,,
47960,2005,67.6259,,
47960,2018,47.9,,
47980,2005,58.598,,
47980,2018,44.2,,
50001,2005,35.1551,,
50001,2018,31.8,,
50006,2005,41.3924,,
50006,2018,32.1,,
50110,2005,41.0138,,
50110,2018,35.2,,
50124,2005,38.587,,
50124,2018,34.1,,
50150,2005,56.2959,,
50150,2018,36.8,,
50223,2005,46.891,,
50223,2018,32.3,,
50226,2005,48.1232,,
50226,2018,31.2,,
50245,2005,50.3891,,
50245,2018,47.7,,
50251,2005,42.2498,,
50251,2018,35.3,,
50270,2005,56.3591,,
50270,2018,38.3,,
50287,2005,49.7619,,
50287,2018,34.3,,
50313,2005,43.9495,,
50313,2018,32.5,,
50318,2005,38.4892,,
50318,2018,31,,
50325,2005,71.9457,,
50325,2018,45.1,,
50330,2005,46.8273,,
50330,2018,32.4,,
50350,2005,60.6433,,
50350,2018,49.2,,
50370,2005,88.45,,
50370,2018,36.3,,
50400,2005,46.0277,,
50400,2018,34.7,,
50450,2005,69.205,,
50450,2018,43,,
50568,2005,58.6873,,
50568,2018,45.4,,
50573,2005,49.375,,
50573,2018,38.2,,
50577,2005,50,,
50577,2018,31.4,,
50590,2005,52.2229,,
50590,2018,30.1,,
50606,2005,43.9716,,
50606,2018,27.3,,
50680,2005,59.6165,,
50680,2018,32.5,,
50683,2005,53.6752,,
50683,2018,35.2,,
50686,2005,59.5588,,
50686,2018,48.6,,
50689,2005,44.2351,,
50689,2018,34.3,,
50711,2005,54.5059,,
50711,2018,32.1,,
52001,2005,38.0813,,
52001,2018,26.4,,
52019,2005,62.8773,,
52019,2018,53.9,,
52022,2005,55.1155,,
52022,2018,36.9,,
52036,2005,42.5926,,
52036,2018,28.2,,
52051,2005,80.879,,
52051,2018,58.2,,
52079,2005,57.0279,,
52079,2018,53,,
52083,2005,47.1521,,
52083,2018,48.5,,
52110,2005,49.8148,,
52110,2018,34.7,,
52203,2005,52.4417,,
52203,2018,37.9,,
52207,2005,48.9523,,
52207,2018,40.9,,
52210,2005,65.4686,,
52210,2018,47.6,,
52215,2005,54.8121,,
52215,2018,40.9,,
52224,2005,58.0645,,
52224,2018,55.8,,
52227,2005,53.8164,,
52227,2018,45.8,,
52233,2005,47.5187,,
52233,2018,46.4,,
52240,2005,45.5081,,
52240,2018,36.8,,
52250,2005,84.4432,,
52250,2018,52.9,,
52254,2005,47.3979,,
52254,2018,30.2,,
52256,2005,58.294,,
52256,2018,53.4,,
52258,2005,50.806,,
52258,2018,48.8,,
52260,2005,41.3532,,
52260,2018,37.9,,
52287,2005,41.9537,,
52287,2018,41.1,,
52317,2005,56.9187,,
52317,2018,48.9,,
52320,2005,44.8661,,
52320,2018,32.3,,
52323,2005,51.0231,,
52323,2018,47.4,,
52352,2005,53.6296,,
52352,2018,47.8,,
52354,2005,52.3532,,
52354,2018,54.2,,
52356,2005,41.6323,,
52356,2018,28.4,,
52378,2005,81.3046,,
52378,2018,39.9,,
52381,2005,50.7272,,
52381,2018,66.7,,
52385,2005,40.5037,,
52385,2018,54.7,,
52390,2005,73.474,,
52390,2018,54.3,,
52399,2005,52.3181,,
52399,2018,52.6,,
52405,2005,55.3319,,
52405,2018,46.5,,
52411,2005,46.5131,,
52411,2018,35.5,,
52418,2005,66.6525,,
52418,2018,48,,
52427,2005,67.3128,,
52427,2018,69.7,,
52435,2005,63.7729,,
52435,2018,42.8,,
52473,2005,90.3637,,
52473,2018,43.5,,
52480,2005,48.5923,,
52480,2018,47.9,,
52490,2005,88.9875,,
52490,2018,52.2,,
52506,2005,58.9842,,
52506,2018,40.2,,
52520,2005,59.2935,,
52520,2018,45.9,,
52540,2005,44.1152,,
52540,2018,32.9,,
52560,2005,52.7752,,
52560,2018,27.8,,
52565,2005,78.9119,,
52565,2018,74.1,,
52573,2005,52.1793,,
52573,2018,49.3,,
52585,2005,60.7248,,
52585,2018,38.8,,
52612,2005,58.4947,,
52612,2018,53.8,,
52621,2005,71.0813,,
52621,2018,63.8,,
52678,2005,54.9982,,
52678,2018,47,,
52683,2005,51.3732,,
52683,2018,33.3,,
52685,2005,69.374,,
52685,2018,71.3,,
52687,2005,60.3569,,
52687,2018,44.9,,
52693,2005,44.5165,,
52693,2018,37.2,,
52694,2005,52.6786,,
52694,2018,38.2,,
52696,2005,72.714,,
52696,2018,54.8,,
52699,2005,65.4751,,
52699,2018,63.4,,
52720,2005,53.6756,,
52720,2018,54.1,,
52786,2005,47.3858,,
52786,2018,33.3,,
52788,2005,51.7308,,
52788,2018,57.1,,
52835,2005,66.225,,
52835,2018,43.9,,
52838,2005,44.0226,,
52838,2018,35.1,,
52885,2005,56.2872,,
52885,2018,45.7,,
54001,2005,36.923,,
54001,2018,34.3,,
54003,2005,57.7438,,
54003,2018,40,,
54051,2005,46.2612,,
54051,2018,37.4,,
54099,2005,48.1181,,
54099,2018,37.9,,
54109,2005,46.2402,,
54109,2018,41.8,,
54125,2005,41.0658,,
54125,2018,34.4,,
54128,2005,48.0315,,
54128,2018,38.7,,
54172,2005,48.5332,,
54172,2018,37.4,,
54174,2005,48.2574,,
54174,2018,44.2,,
54206,2005,47.5347,,
54206,2018,42.1,,
54223,2005,61.097,,
54223,2018,58.6,,
54239,2005,39.6371,,
54239,2018,39.2,,
54245,2005,49.8947,,
54245,2018,42.1,,
54250,2005,54.8478,,
54250,2018,45.1,,
54261,2005,46.629,,
54261,2018,44.9,,
54313,2005,55.6647,,
54313,2018,35.7,,
54344,2005,49.8552,,
54344,2018,36.5,,
54347,2005,34.3266,,
54347,2018,37.9,,
54377,2005,37.7237,,
54377,2018,39.8,,
54385,2005,52.7495,,
54385,2018,39,,
54398,2005,44.9929,,
54398,2018,35.2,,
54405,2005,38.4868,,
54405,2018,31.4,,
54418,2005,46.9895,,
54418,2018,34.7,,
54480,2005,36.2189,,
54480,2018,34.4,,
54498,2005,44.2587,,
54498,2018,33.9,,
54518,2005,49.7301,,
54518,2018,37.7,,
54520,2005,44.6199,,
54520,2018,35.9,,
54553,2005,36.3009,,
54553,2018,29.8,,
54599,2005,47.3003,,
54599,2018,38.5,,
54660,2005,46.9537,,
54660,2018,39.3,,
54670,2005,53.7475,,
54670,2018,39.5,,
54673,2005,57.1749,,
54673,2018,47.6,,
54680,2005,44.9838,,
54680,2018,48.2,,
54720,2005,54.9626,,
54720,2018,42.9,,
54743,2005,39.2964,,
54743,2018,33.6,,
54800,2005,64.0469,,
54800,2018,42.1,,
54810,2005,58.8237,,
54810,2018,38.9,,
54820,2005,53.0629,,
54820,2018,50.1,,
54871,2005,62.4334,,
54871,2018,52.4,,
54874,2005,39.5485,,
54874,2018,34,,
63001,2005,40.3011,,
63001,2018,26.5,,
63111,2005,36.7478,,
63111,2018,33,,
63130,2005,39.4356,,
63130,2018,29.4,,
63190,2005,38.7561,,
63190,2018,25.9,,
63212,2005,38.3649,,
63212,2018,25.2,,
63272,2005,42.8701,,
63272,2018,27.1,,
63302,2005,40.5904,,
63302,2018,26.1,,
63401,2005,49.1003,,
63401,2018,37.3,,
63470,2005,44.486,,
63470,2018,32.9,,
63548,2005,42.5552,,
63548,2018,23.6,,
63594,2005,38.2741,,
63594,2018,28.3,,
63690,2005,40.6558,,
63690,2018,20.2,,
66001,2005,34.293,,
66001,2018,24.7,,
66045,2005,39.8618,,
66045,2018,28.3,,
66075,2005,38.0013,,
66075,2018,26.2,,
66088,2005,36.5248,,
66088,2018,32.7,,
66170,2005,39.2956,,
66170,2018,23.4,,
66318,2005,44.0733,,
66318,2018,32.8,,
66383,2005,33.0571,,
66383,2018,26.2,,
66400,2005,44.1908,,
66400,2018,28.4,,
66440,2005,45.7893,,
66440,2018,30.8,,
66456,2005,46.8829,,
66456,2018,45,,
66572,2005,49.8539,,
66572,2018,54.2,,
66594,2005,44.104,,
66594,2018,36,,
66682,2005,43.3783,,
66682,2018,27.9,,
66687,2005,37.7992,,
66687,2018,26.5,,
68001,2005,31.12,,
68001,2018,25.4,,
68013,2005,51.0557,,
68013,2018,57.7,,
68020,2005,53.4847,,
68020,2018,54.7,,
68051,2005,58.0522,,
68051,2018,37.7,,
68077,2005,37.8366,,
68077,2018,27,,
68079,2005,32.9798,,
68079,2018,27.2,,
68081,2005,41.4703,,
68081,2018,39.6,,
68092,2005,39.9285,,
68092,2018,32.7,,
68101,2005,50.6567,,
68101,2018,39.1,,
68121,2005,52.6767,,
68121,2018,40.3,,
68132,2005,40.3509,,
68132,2018,30.7,,
68147,2005,44.7002,,
68147,2018,42.6,,
68152,2005,49.2382,,
68152,2018,56.9,,
68160,2005,43.3684,,
68160,2018,28.5,,
68162,2005,47.3186,,
68162,2018,46,,
68167,2005,43.1141,,
68167,2018,34.8,,
68169,2005,40.676,,
68169,2018,29.1,,
68176,2005,47.6978,,
68176,2018,51.3,,
68179,2005,56.2947,,
68179,2018,48.5,,
68190,2005,41.8813,,
68190,2018,34.1,,
68207,2005,50.5397,,
68207,2018,45.1,,
68209,2005,36.5819,,
68209,2018,29,,
68211,2005,50.4281,,
68211,2018,34.9,,
68217,2005,37.7472,,
68217,2018,48.9,,
68229,2005,44.0519,,
68229,2018,32.1,,
68235,2005,36.4657,,
68235,2018,55.3,,
68245,2005,45.1777,,
68245,2018,27.1,,
68250,2005,53.7023,,
68250,2018,33.2,,
68255,2005,53.6315,,
68255,2018,35.5,,
68264,2005,40.3349,,
68264,2018,22.5,,
68266,2005,57.3737,,
68266,2018,38.7,,
68271,2005,54.0713,,
68271,2018,57,,
68276,2005,27.7076,,
68276,2018,22.9,,
68296,2005,47.2681,,
68296,2018,43.6,,
68298,2005,61.9417,,
68298,2018,37.9,,
68307,2005,34.2874,,
68307,2018,26.5,,
68318,2005,47.5874,,
68318,2018,71.5,,
68320,2005,44.9187,,
68320,2018,32.3,,
68322,2005,36.4929,,
68322,2018,42,,
68324,2005,54.4882,,
68324,2018,33.5,,
68327,2005,46.2714,,
68327,2018,35.9,,
68344,2005,49.9086,,
68344,2018,52.1,,
68368,2005,55.7778,,
68368,2018,42.3,,
68370,2005,27.0742,,
68370,2018,29.7,,
68377,2005,49.1648,,
68377,2018,34.5,,
68385,2005,55.525,,
68385,2018,36.6,,
68397,2005,52.1502,,
68397,2018,25.5,,
68406,2005,42.5831,,
68406,2018,28.9,,
68418,2005,44.0028,,
68418,2018,44.6,,
68425,2005,65.6535,,
68425,2018,49.7,,
68432,2005,44.8266,,
68432,2018,36.1,,
68444,2005,45.2722,,
68444,2018,33.8,,
68464,2005,50.2622,,
68464,2018,42.3,,
68468,2005,46.8402,,
68468,2018,44.5,,
68498,2005,37.243,,
68498,2018,45.9,,
68500,2005,59.0571,,
68500,2018,35.7,,
68502,2005,54.4499,,
68502,2018,52.7,,
68522,2005,67.8466,,
68522,2018,39.3,,
68524,2005,45.4829,,
68524,2018,36.2,,
68533,2005,50.2433,,
68533,2018,31.5,,
68547,2005,34.1215,,
68547,2018,25.8,,
68549,2005,46.6306,,
68549,2018,38.6,,
68572,2005,50.7034,,
68572,2018,32.5,,
68573,2005,53.2193,,
68573,2018,33.4,,
68575,2005,54.7423,,
68575,2018,40.7,,
68615,2005,45.4769,,
68615,2018,30.9,,
68655,2005,45.5269,,
68655,2018,39.1,,
68669,2005,46.1477,,
68669,2018,47,,
68673,2005,56.2657,,
68673,2018,37.3,,
68679,2005,31.5825,,
68679,2018,26.6,,
68682,2005,47.1939,,
68682,2018,38.9,,
68684,2005,57.6029,,
68684,2018,39.6,,
68686,2005,50.4438,,
68686,2018,32,,
68689,2005,38.5397,,
68689,2018,35.2,,
68705,2005,31.3029,,
68705,2018,45.6,,
68720,2005,64.8623,,
68720,2018,36.6,,
68745,2005,44.8863,,
68745,2018,40.3,,
68755,2005,35.4393,,
68755,2018,26.5,,
68770,2005,45.8273,,
68770,2018,35.4,,
68773,2005,56.6785,,
68773,2018,39,,
68780,2005,42.477,,
68780,2018,39.7,,
68820,2005,33.8892,,
68820,2018,39.9,,
68855,2005,40.4871,,
68855,2018,34,,
68861,2005,51.872,,
68861,2018,39,,
68867,2005,53.8947,,
68867,2018,44.4,,
68872,2005,31.6441,,
68872,2018,30.7,,
68895,2005,41.4277,,
68895,2018,30.7,,
70001,2005,49.5742,,
70001,2018,39,,
70110,2005,64.6573,,
70110,2018,54.5,,
70124,2005,64.9679,,
70124,2018,56.5,,
70204,2005,61.131,,
70204,2018,47.2,,
70215,2005,54.864,,
70215,2018,39.5,,
70221,2005,72.5728,,
70221,2018,46.8,,
70230,2005,55.9803,,
70230,2018,70.9,,
70233,2005,70.465,,
70233,2018,68.5,,
70235,2005,53.7512,,
70235,2018,49.7,,
70265,2005,66.6977,,
70265,2018,53.1,,
70400,2005,75.0954,,
70400,2018,53.6,,
70418,2005,67.597,,
70418,2018,42.3,,
70429,2005,75.3665,,
70429,2018,54.4,,
70473,2005,75.4916,,
70473,2018,41.5,,
70508,2005,63.8581,,
70508,2018,42.7,,
70523,2005,78.68,,
70523,2018,68.8,,
70670,2005,69.4746,,
70670,2018,47.6,,
70678,2005,75.8371,,
70678,2018,49.1,,
70702,2005,73.3238,,
70702,2018,49.7,,
70708,2005,63.1747,,
70708,2018,50.5,,
70713,2005,67.2267,,
70713,2018,55.9,,
70717,2005,78.5385,,
70717,2018,51.6,,
70742,2005,68.1346,,
70742,2018,48.3,,
70771,2005,79.2564,,
70771,2018,52.7,,
70820,2005,59.3181,,
70820,2018,41.2,,
70823,2005,65.0136,,
70823,2018,40.8,,
73001,2005,37.9072,,
73001,2018,28.4,,
73024,2005,51.885,,
73024,2018,37.7,,
73026,2005,52.9796,,
73026,2018,34.7,,
73030,2005,51.4974,,
73030,2018,39.8,,
73043,2005,46.2954,,
73043,2018,37,,
73055,2005,60.7749,,
73055,2018,34.6,,
73067,2005,53.3827,,
73067,2018,45.8,,
73124,2005,41.1224,,
73124,2018,29.3,,
73148,2005,48.9814,,
73148,2018,31.7,,
73152,2005,40.3207,,
73152,2018,31,,
73168,2005,60.2716,,
73168,2018,36.2,,
73200,2005,74.0142,,
73200,2018,41.8,,
73217,2005,70.5002,,
73217,2018,59.3,,
73226,2005,52.1323,,
73226,2018,34,,
73236,2005,79.1741,,
73236,2018,36.8,,
73268,2005,53.6742,,
73268,2018,34.9,,
73270,2005,39.3884,,
73270,2018,29.7,,
73275,2005,46.2343,,
73275,2018,29.7,,
73283,2005,42.3798,,
73283,2018,29.3,,
73319,2005,64.7098,,
73319,2018,41.8,,
73347,2005,40.0515,,
73347,2018,57.2,,
73349,2005,43.4682,,
73349,2018,34.2,,
73352,2005,42.6549,,
73352,2018,32.8,,
73408,2005,51.3926,,
73408,2018,35.8,,
73411,2005,45.5843,,
73411,2018,30.8,,
73443,2005,44.2777,,
73443,2018,32.1,,
73449,2005,37.5252,,
73449,2018,31.9,,
73461,2005,57.401,,
73461,2018,36.9,,
73483,2005,63.1102,,
73483,2018,45,,
73504,2005,69.6662,,
73504,2018,46.3,,
73520,2005,45.7237,,
73520,2018,39.8,,
73547,2005,54.5931,,
73547,2018,34.2,,
73555,2005,48.1358,,
73555,2018,32.9,,
73563,2005,64.8754,,
73563,2018,39.4,,
73585,2005,59.6718,,
73585,2018,42.6,,
73616,2005,51.0925,,
73616,2018,38.8,,
73622,2005,50.7519,,
73622,2018,29,,
73624,2005,57.2791,,
73624,2018,34.3,,
73671,2005,62.1313,,
73671,2018,44.2,,
73675,2005,46.6559,,
73675,2018,41.4,,
73678,2005,78.2956,,
73678,2018,47.1,,
73686,2005,46.1859,,
73686,2018,29.1,,
73770,2005,71.3115,,
73770,2018,47.7,,
73854,2005,68.8638,,
73854,2018,42.2,,
73861,2005,65.3427,,
73861,2018,33.4,,
73870,2005,38.4859,,
73870,2018,33.1,,
73873,2005,42.8935,,
73873,2018,27.5,,
76001,2005,32.1827,,
76001,2018,21.1,,
76020,2005,46.2673,,
76020,2018,31.9,,
76036,2005,49.7468,,
76036,2018,37.4,,
76041,2005,51.3215,,
76041,2018,30.8,,
76054,2005,42.0318,,
76054,2018,27.1,,
76100,2005,48.4169,,
76100,2018,30.9,,
76109,2005,55.3536,,
76109,2018,43.5,,
76111,2005,40.2524,,
76111,2018,22.3,,
76113,2005,48.8099,,
76113,2018,28.7,,
76122,2005,37.5061,,
76122,2018,29.3,,
76126,2005,39.7636,,
76126,2018,27.2,,
76130,2005,41.0604,,
76130,2018,25,,
76147,2005,45.2197,,
76147,2018,25.7,,
76233,2005,42.5872,,
76233,2018,28.9,,
76243,2005,33.3753,,
76243,2018,29.7,,
76246,2005,48.7526,,
76246,2018,25,,
76248,2005,38.4604,,
76248,2018,25,,
76250,2005,47.7023,,
76250,2018,31.6,,
76275,2005,45.2472,,
76275,2018,27.1,,
76306,2005,37.9102,,
76306,2018,21.9,,
76318,2005,45.8526,,
76318,2018,28.9,,
76364,2005,41.663,,
76364,2018,24.6,,
76377,2005,45.3337,,
76377,2018,23,,
76400,2005,42.2798,,
76400,2018,28.3,,
76403,2005,51.3968,,
76403,2018,28.8,,
76497,2005,52.3036,,
76497,2018,34.1,,
76520,2005,35.2609,,
76520,2018,25,,
76563,2005,50.2754,,
76563,2018,30.6,,
76606,2005,45.3712,,
76606,2018,27.9,,
76616,2005,50.2726,,
76616,2018,28.7,,
76622,2005,45.0026,,
76622,2018,26.9,,
76670,2005,44.8755,,
76670,2018,30.6,,
76736,2005,35.171,,
76736,2018,31.9,,
76823,2005,48.2013,,
76823,2018,30.1,,
76828,2005,46.7568,,
76828,2018,30.2,,
76834,2005,40.3126,,
76834,2018,25.7,,
76845,2005,37.8965,,
76845,2018,27.9,,
76863,2005,36.6497,,
76863,2018,36,,
76869,2005,42.2581,,
76869,2018,27.7,,
76890,2005,47.0725,,
76890,2018,25.8,,
76892,2005,45.3384,,
76892,2018,24.3,,
76895,2005,40.8235,,
76895,2018,28.3,,
81001,2005,51.5494,,
81001,2018,39.6,,
81065,2005,67.2895,,
81065,2018,40.5,,
81220,2005,59.4142,,
81220,2018,57.2,,
81300,2005,48.9282,,
81300,2018,47.2,,
81591,2005,64.9533,,
81591,2018,37.9,,
81736,2005,49.5616,,
81736,2018,37,,
81794,2005,50.5993,,
81794,2018,44.2,,
85001,2005,40.6747,,
85001,2018,32.2,,
85010,2005,54.8473,,
85010,2018,36.2,,
85015,2005,47.4934,,
85015,2018,45.9,,
85125,2005,60.9524,,
85125,2018,59.7,,
85136,2005,45.9184,,
85136,2018,57.5,,
85139,2005,52.8386,,
85139,2018,39.4,,
85162,2005,51.893,,
85162,2018,49.6,,
85225,2005,68.5855,,
85225,2018,53.4,,
85230,2005,63.6416,,
85230,2018,55.9,,
85250,2005,45.0339,,
85250,2018,40.4,,
85263,2005,55.9748,,
85263,2018,50.1,,
85279,2005,78.5294,,
85279,2018,50.8,,
85300,2005,47.9638,,
85300,2018,46.4,,
85315,2005,47.1154,,
85315,2018,39.7,,
85325,2005,62.3016,,
85325,2018,43.2,,
85400,2005,76.5495,,
85400,2018,43.4,,
85410,2005,48.9678,,
85410,2018,41.7,,
85430,2005,58.3128,,
85430,2018,41.5,,
85440,2005,39.5187,,
85440,2018,27.4,,
86001,2005,48.8765,,
86001,2018,36.5,,
86219,2005,47.8424,,
86219,2018,37.6,,
86320,2005,54.7606,,
86320,2018,45.6,,
86568,2005,48.1305,,
86568,2018,37.4,,
86569,2005,66.1387,,
86569,2018,43.1,,
86571,2005,94.0515,,
86571,2018,49.5,,
86573,2005,93.2649,,
86573,2018,49.8,,
86749,2005,52.6069,,
86749,2018,39.5,,
86755,2005,70.0608,,
86755,2018,40.4,,
86757,2005,59.4298,,
86757,2018,41,,
86760,2005,77.8704,,
86760,2018,53.3,,
86865,2005,72.86,,
86865,2018,37.6,,
86885,2005,96.8586,,
86885,2018,39.7,,
88001,2005,35.2307,,
88001,2018,15.8,,
88564,2005,38.7691,,
88564,2018,16,,
91001,2005,53.0182,,
91001,2018,39.2,,
91263,2005,76,,
91263,2018,64.9,,
91405,2005,70.8122,,
91405,2018,88.2,,
91407,2005,55.6604,,
91407,2018,84.2,,
91430,2018,95,,
91460,2005,0,,
91460,2018,88.8,,
91530,2005,100,,
91530,2018,79.6,,
91536,2005,71.2919,,
91536,2018,74.8,,
91540,2005,72.2311,,
91540,2018,63.5,,
91669,2005,76.5766,,
91669,2018,77.7,,
91798,2005,77,,
91798,2018,78.9,,
94001,2005,55.6554,,
94001,2018,52.2,,
94343,2005,72.0588,,
94343,2018,79.8,,
94663,2018,92.5,,
94883,2005,24.1379,,
94883,2018,67.9,,
94884,2005,86.3014,,
94884,2018,85.6,,
94885,2005,14,,
94885,2018,53.7,,
94886,2005,64.2857,,
94886,2018,58.3,,
94887,2018,96.2,,
94888,2018,93.9,,
95001,2005,50.8308,,
95001,2018,33.1,,
95015,2005,58.8334,,
95015,2018,31.3,,
95025,2005,70.0611,,
95025,2018,39.1,,
95200,2005,38.6386,,
95200,2018,48.3,,
97001,2005,71.9409,,
97001,2018,68.9,,
97161,2005,87.2727,,
97161,2018,79.1,,
97511,2018,97.7,,
97666,2005,43.8053,,
97666,2018,84.4,,
97777,2005,35.7143,,
97777,2018,91.3,,
97889,2005,58.2524,,
97889,2018,89.2,,
99001,2005,67.2222,,
99001,2018,45.9,,
99524,2005,84.6586,,
99524,2018,52.5,,
99624,2005,83.048,,
99624,2018,54.3,,
99773,2005,67.0022,,
99773,2018,83.1,,
